von,bis,"leicht (s)","tief (s)","rem (s)","wach (s)",Aufwachen,"Dauer des Schlafs (s)","Dauer bis zum Wachwerden (s)","Schnarchen (s)",Schnarchepisoden,"Durchschnittliche Herzfrequenz","Herzfrequenz (min)","Herzfrequenz (max)","Night events"
2024-02-07T00:15:00+01:00,2024-02-07T08:05:00+01:00,6120,21960,0,120,0,120,0,0,0,54,50,64,
2024-02-08T00:09:00+01:00,2024-02-08T08:01:00+01:00,20400,7800,0,120,0,120,0,0,0,52,48,65,
2024-02-09T01:50:00+01:00,2024-02-09T08:00:00+01:00,13620,8460,0,120,0,120,0,0,0,53,50,66,
2024-02-10T01:18:00+01:00,2024-02-10T09:50:00+01:00,15120,15480,0,120,0,120,0,0,0,54,49,78,
2024-02-11T01:39:00+01:00,2024-02-11T08:36:00+01:00,18000,6900,0,120,0,120,0,0,0,54,50,66,
2024-02-12T00:20:00+01:00,2024-02-12T07:49:00+01:00,14760,12060,0,120,0,120,0,0,0,55,50,63,
2024-02-13T01:48:00+01:00,2024-02-13T08:38:00+01:00,15240,9240,0,120,0,120,0,0,0,58,52,64,
2024-02-13T23:41:00+01:00,2024-02-14T08:01:00+01:00,14700,15180,0,120,0,120,0,0,0,55,49,71,
2024-02-15T01:14:00+01:00,2024-02-15T08:04:00+01:00,13620,10740,0,240,0,120,120,0,0,55,51,68,
2024-02-16T01:03:00+01:00,2024-02-16T08:01:00+01:00,15720,9060,0,300,1,120,0,0,0,61,54,68,
2024-02-19T01:26:00+01:00,2024-02-19T08:42:00+01:00,17040,9000,0,120,0,120,0,0,0,56,52,65,
2024-02-19T22:52:00+01:00,2024-02-20T07:24:00+01:00,19740,10260,0,720,1,120,0,0,0,54,50,65,
2024-02-21T00:11:00+01:00,2024-02-21T07:11:00+01:00,16740,6780,0,1680,3,120,0,0,0,59,53,86,
2024-02-22T02:34:00+01:00,2024-02-22T08:00:00+01:00,11700,7080,0,780,2,120,0,0,0,62,54,71,
2024-02-22T23:53:00+01:00,2024-02-23T08:00:00+01:00,15420,13680,0,120,0,120,0,0,0,58,52,67,
2024-02-24T03:04:00+01:00,2024-02-24T08:15:00+01:00,9300,8760,0,600,1,120,0,0,0,57,53,66,
2024-02-25T04:23:00+01:00,2024-02-25T09:18:00+01:00,9299,7741,0,660,1,120,0,0,0,61,56,74,
2024-02-25T23:46:00+01:00,2024-02-26T08:49:00+01:00,16200,16260,0,120,0,120,0,0,0,59,52,66,
2024-02-26T23:49:00+01:00,2024-02-27T08:32:00+01:00,19800,11460,0,120,0,120,0,0,0,57,49,75,
2024-02-28T00:42:00+01:00,2024-02-28T08:39:00+01:00,17460,11040,0,120,0,120,0,0,0,58,49,69,
2024-02-29T00:06:00+01:00,2024-02-29T07:17:00+01:00,13860,11340,0,660,1,120,0,0,0,54,48,66,
2024-02-29T23:30:00+01:00,2024-03-01T08:09:00+01:00,19200,11340,0,600,1,120,0,0,0,57,52,66,
2024-03-01T22:56:00+01:00,2024-03-02T08:29:00+01:00,15000,12780,0,2340,6,120,0,0,0,55,49,70,
2024-03-03T01:58:00+01:00,2024-03-03T08:37:00+01:00,14640,9180,0,120,0,120,0,0,0,59,53,71,
2024-03-03T23:28:00+01:00,2024-03-04T08:23:00+01:00,21780,10199,0,121,0,121,0,0,0,58,52,68,
2024-03-06T01:40:00+01:00,2024-03-06T08:09:00+01:00,13800,9420,0,120,0,120,0,0,0,59,54,70,
2024-03-07T01:02:00+01:00,2024-03-07T07:24:00+01:00,13560,8760,0,600,1,120,0,0,0,60,52,70,
2024-03-08T01:10:01+01:00,2024-03-08T07:31:00+01:00,11460,11280,0,119,0,119,0,0,0,60,55,66,
2024-03-09T02:30:00+01:00,2024-03-09T08:01:00+01:00,12000,7740,0,120,0,120,0,0,0,68,62,75,
2024-03-10T00:16:00+01:00,2024-03-10T08:00:00+01:00,19740,7500,0,600,1,120,0,0,0,69,64,83,
2024-03-10T23:12:00+01:00,2024-03-11T07:00:00+01:00,18240,9720,0,120,0,120,0,0,0,64,58,74,
2024-03-12T00:01:00+01:00,2024-03-12T08:01:00+01:00,17700,10500,0,600,1,120,0,0,0,60,55,72,
2024-03-13T00:07:00+01:00,2024-03-13T08:13:00+01:00,18900,8400,0,1860,2,120,780,0,0,63,58,90,
2024-03-13T23:20:00+01:00,2024-03-14T08:00:00+01:00,21541,8639,0,1020,2,120,0,0,0,63,53,76,
2024-03-15T00:35:00+01:00,2024-03-15T07:17:00+01:00,12480,10500,0,1140,2,120,0,0,0,62,56,92,
2024-03-16T01:29:00+01:00,2024-03-16T07:19:00+01:00,12180,8700,0,120,0,120,0,0,0,59,55,85,
2024-03-19T23:33:00+01:00,2024-03-20T07:31:00+01:00,16860,10020,0,1800,3,120,0,0,0,58,53,66,
2024-03-22T23:07:00+01:00,2024-03-23T08:09:00+01:00,22201,9239,0,1080,2,120,0,0,0,54,48,67,
2024-03-24T00:01:00+01:00,2024-03-24T08:28:00+01:00,20640,9000,0,780,2,120,0,0,0,56,51,69,
2024-03-25T00:22:00+01:00,2024-03-25T07:59:00+01:00,17820,9480,0,120,0,120,0,0,0,56,50,86,
2024-03-26T02:00:00+01:00,2024-03-26T07:28:00+01:00,8940,10620,0,120,0,120,0,0,0,56,53,64,
2024-03-27T01:31:00+01:00,2024-03-27T07:51:00+01:00,9180,7860,0,5760,1,120,0,0,0,58,51,67,
2024-03-31T07:57:00+02:00,2024-03-31T10:21:00+02:00,7320,900,0,420,1,120,0,0,0,67,61,80,
2024-04-01T00:47:00+02:00,2024-04-01T10:13:00+02:00,19321,13979,0,660,1,120,0,0,0,55,51,65,
2024-04-01T23:37:00+02:00,2024-04-02T09:55:00+02:00,22020,14940,0,120,0,120,0,0,0,59,51,93,
2024-04-03T02:42:00+02:00,2024-04-03T09:01:00+02:00,9060,9420,0,720,2,120,0,0,0,61,48,143,
2024-04-03T23:40:00+02:00,2024-04-04T08:00:00+02:00,19920,9420,0,660,1,120,0,0,0,57,54,64,
2024-04-05T01:40:00+02:00,2024-04-05T08:21:00+02:00,14280,6660,0,1020,1,120,780,0,0,57,49,84,
2024-04-06T01:21:00+02:00,2024-04-06T05:43:00+02:00,6780,4920,0,1620,4,120,0,0,0,55,51,63,
2024-04-07T01:46:00+02:00,2024-04-07T09:26:00+02:00,18600,8880,0,120,0,120,0,0,0,63,55,100,
2024-04-08T01:37:00+02:00,2024-04-08T08:09:00+02:00,14340,8400,0,780,2,120,0,0,0,62,57,78,
2024-04-08T23:54:00+02:00,2024-04-09T07:47:00+02:00,17882,9058,0,300,1,120,60,0,0,61,54,90,
2024-04-10T01:35:00+02:00,2024-04-10T07:56:00+02:00,16080,4860,0,1920,4,120,0,0,0,58,51,72,
2024-04-12T01:35:00+02:00,2024-04-12T07:57:00+02:00,15600,6060,0,1260,2,120,0,0,0,62,55,90,
2024-04-13T00:31:00+02:00,2024-04-13T07:02:00+02:00,14820,8100,0,540,1,120,0,0,0,56,50,67,
2024-04-14T01:37:00+02:00,2024-04-14T07:37:00+02:00,14520,5100,0,720,2,120,0,0,0,65,57,91,
2024-04-14T22:56:00+02:00,2024-04-15T07:44:00+02:00,19560,11460,0,660,1,120,0,0,0,55,47,70,
2024-04-16T00:13:00+02:00,2024-04-16T07:39:00+02:00,19140,7500,0,120,0,120,0,0,0,54,48,74,
2024-04-17T02:24:00+02:00,2024-04-17T07:40:00+02:00,10860,7440,0,660,1,120,0,0,0,59,55,68,
2024-04-19T02:10:00+02:00,2024-04-19T07:30:01+02:00,11641,7440,0,120,0,120,0,0,0,56,47,80,
2024-04-20T00:03:00+02:00,2024-04-20T08:02:00+02:00,17760,10140,0,720,2,120,0,0,0,55,47,64,
2024-04-21T02:09:00+02:00,2024-04-21T08:50:00+02:00,13318,8761,0,1981,2,120,780,0,0,54,49,65,
2024-04-22T00:40:01+02:00,2024-04-22T08:00:00+02:00,18120,7620,0,659,1,119,0,0,0,52,48,66,
2024-04-23T00:37:00+02:00,2024-04-23T07:30:00+02:00,16380,7260,0,1140,2,120,0,0,0,53,47,65,
2024-04-26T00:43:00+02:00,2024-04-26T07:31:00+02:00,15601,5699,0,2640,2,120,0,0,0,60,55,73,
2024-04-27T02:42:00+02:00,2024-04-27T07:42:00+02:00,9900,7980,0,120,0,120,0,0,0,62,57,84,
2024-04-29T00:09:00+02:00,2024-04-29T06:40:00+02:00,13440,8520,0,1500,1,120,0,0,0,60,50,71,
2024-04-30T01:00:00+02:00,2024-04-30T07:02:00+02:00,14280,5460,0,840,2,120,0,0,0,59,50,91,
2024-05-01T02:09:00+02:00,2024-05-01T07:42:00+02:00,10799,9061,0,120,0,120,0,0,0,58,52,69,
2024-05-03T00:53:00+02:00,2024-05-03T07:28:00+02:00,14100,9000,0,600,1,120,0,0,0,51,48,58,
2024-05-04T01:49:00+02:00,2024-05-04T07:00:00+02:00,10500,7560,0,600,1,120,0,0,0,58,54,73,
2024-05-05T00:23:00+02:00,2024-05-05T08:03:00+02:00,18900,8340,0,360,1,120,0,0,0,58,52,71,
2024-05-05T23:58:00+02:00,2024-05-06T07:27:00+02:00,17160,9660,0,120,0,120,0,0,0,62,55,83,
2024-05-07T00:54:00+02:00,2024-05-07T06:43:00+02:00,14700,5160,0,1080,2,120,0,0,0,52,46,66,
2024-05-08T01:01:00+02:00,2024-05-08T07:28:00+02:00,6420,16680,0,120,0,120,0,0,0,56,48,71,
2024-05-09T01:24:00+02:00,2024-05-09T07:03:00+02:00,14280,5940,0,120,0,120,0,0,0,57,54,66,
2024-05-12T02:48:00+02:00,2024-05-12T08:59:00+02:00,14519,7140,0,601,1,121,0,0,0,66,58,89,
2024-05-13T23:24:00+02:00,2024-05-14T08:11:00+02:00,23520,7500,0,600,1,120,0,0,0,62,54,97,
2024-05-15T00:43:00+02:00,2024-05-15T08:00:00+02:00,19681,5519,0,1020,2,120,0,0,0,57,50,66,
2024-05-16T01:09:00+02:00,2024-05-16T07:26:00+02:00,14520,7980,0,120,0,120,0,0,0,54,46,69,
2024-05-17T00:30:00+02:00,2024-05-17T08:00:00+02:00,20880,5580,0,540,1,120,0,0,0,54,50,61,
2024-05-18T00:44:00+02:00,2024-05-18T09:14:00+02:00,16320,14160,0,120,0,120,0,0,0,51,45,66,
2024-05-19T04:05:00+02:00,2024-05-19T09:46:00+02:00,13560,6240,0,660,1,120,0,0,0,57,50,70,
2024-05-19T23:58:00+02:00,2024-05-20T08:33:00+02:00,22200,8580,0,120,0,120,0,0,0,51,46,64,
2024-05-21T00:49:00+02:00,2024-05-21T07:00:00+02:00,15180,6000,0,1080,2,120,0,0,0,55,48,71,
2024-05-21T23:21:00+02:00,2024-05-22T08:03:00+02:00,22740,8460,0,120,0,120,0,0,0,50,45,65,
2024-05-22T23:41:00+02:00,2024-05-23T08:22:00+02:00,20340,10260,0,660,1,120,0,0,0,55,49,83,
2024-05-23T23:38:00+02:00,2024-05-24T07:41:00+02:00,16320,12000,0,660,1,120,0,0,0,52,46,64,
2024-05-24T23:59:00+02:00,2024-05-25T01:18:00+02:00,4620,0,0,120,0,120,0,0,0,52,47,58,
2024-05-25T04:29:00+02:00,2024-05-25T09:55:00+02:00,9360,10080,0,120,0,120,0,0,0,53,48,72,
2024-05-27T23:13:00+02:00,2024-05-28T08:05:00+02:00,20700,10440,0,780,2,120,0,0,0,53,48,63,
2024-05-28T23:48:00+02:00,2024-05-29T08:28:00+02:00,22258,6961,0,1981,4,120,0,0,0,58,53,68,
2024-05-29T23:01:00+02:00,2024-05-30T05:20:00+02:00,16380,5760,0,600,1,120,0,0,0,60,57,71,
2024-05-31T00:04:00+02:00,2024-05-31T08:15:00+02:00,17519,11821,0,120,0,120,0,0,0,57,51,69,
2024-06-01T00:53:00+02:00,2024-06-01T07:29:00+02:00,16320,6840,0,600,1,120,0,0,0,56,51,69,
2024-06-02T00:21:00+02:00,2024-06-02T08:00:00+02:00,16740,9480,0,1320,3,120,0,0,0,54,47,64,
2024-06-03T00:45:00+02:00,2024-06-03T08:28:00+02:00,17099,9241,0,1440,3,120,0,0,0,56,50,66,
2024-06-04T00:02:00+02:00,2024-06-04T07:20:00+02:00,13619,11521,0,1140,2,120,0,0,0,56,47,75,
2024-06-04T22:35:00+02:00,2024-06-05T09:23:00+02:00,18720,16200,0,1560,2,120,840,0,0,58,51,84,
2024-06-06T00:02:00+02:00,2024-06-06T07:32:00+02:00,19740,6600,0,660,1,120,0,0,0,56,48,74,
2024-06-06T23:14:00+02:00,2024-06-07T06:33:00+02:00,16379,9061,0,900,2,120,0,0,0,59,51,72,
2024-06-08T00:33:00+02:00,2024-06-08T07:57:00+02:00,21720,4380,0,540,1,120,0,0,0,0,0,0,
2024-06-09T03:19:00+02:00,2024-06-09T07:13:00+02:00,6060,6660,0,1320,2,120,0,0,0,0,0,0,
2024-06-11T00:44:00+02:00,2024-06-11T08:35:00+02:00,20641,6719,0,900,2,120,0,0,0,60,50,76,
2024-06-12T01:04:00+02:00,2024-06-12T08:12:00+02:00,16440,8340,0,900,2,120,0,0,0,64,55,78,
2024-06-13T01:28:00+02:00,2024-06-13T07:31:00+02:00,15120,5700,0,960,2,120,0,0,0,60,54,86,
2024-06-14T02:06:00+02:00,2024-06-14T09:13:00+02:00,19200,4800,0,1620,3,120,0,0,0,57,49,88,
2024-06-15T00:41:00+02:00,2024-06-15T07:05:00+02:00,14700,4320,0,540,2,120,0,0,0,55,50,62,
2024-06-16T03:34:00+02:00,2024-06-16T10:20:00+02:00,14039,7501,0,240,1,120,0,0,0,64,58,71,
2024-06-16T23:36:00+02:00,2024-06-17T09:27:00+02:00,23700,8700,0,720,2,120,0,0,0,55,50,72,
2024-06-18T00:05:00+02:00,2024-06-18T08:51:00+02:00,20940,10500,0,120,0,120,0,0,0,51,46,64,
2024-06-19T01:19:00+02:00,2024-06-19T08:00:00+02:00,16020,7080,0,960,2,120,0,0,0,57,49,63,
2024-06-20T00:19:00+02:00,2024-06-20T07:21:00+02:00,20580,3660,0,1080,3,120,0,0,0,55,48,80,
2024-06-21T00:26:00+02:00,2024-06-21T09:34:00+02:00,23880,5460,0,2040,4,120,660,0,0,57,51,70,
2024-06-22T02:08:00+02:00,2024-06-22T09:14:00+02:00,18060,5820,0,1680,3,120,0,0,0,54,49,60,
2024-06-23T02:48:00+02:00,2024-06-23T09:27:00+02:00,18300,5520,0,120,0,120,0,0,0,52,45,62,
2024-06-23T23:43:00+02:00,2024-06-24T07:23:00+02:00,16380,10140,0,1080,2,120,0,0,0,56,48,74,
2024-06-24T23:30:00+02:00,2024-06-25T07:51:00+02:00,20159,7980,0,1921,3,120,0,0,0,57,50,71,
2024-06-26T00:50:01+02:00,2024-06-26T08:12:00+02:00,18540,6720,0,1259,1,119,0,0,0,54,46,72,
2024-06-26T23:56:00+02:00,2024-06-27T06:52:00+02:00,17340,7500,0,120,0,120,0,0,0,55,50,62,
2024-06-28T00:08:00+02:00,2024-06-28T09:58:00+02:00,21120,10440,0,1079,3,120,0,0,0,57,48,114,
2024-06-29T01:03:00+02:00,2024-06-29T08:53:00+02:00,17580,8700,0,1920,4,120,0,0,0,54,49,62,
2024-06-30T00:43:00+02:00,2024-06-30T07:45:00+02:00,18720,5880,0,720,1,120,0,0,0,0,0,0,
2024-06-30T23:58:00+02:00,2024-07-01T07:46:00+02:00,22920,4201,0,959,2,120,0,0,0,0,0,0,
2024-07-02T00:34:00+02:00,2024-07-02T14:18:00+02:00,7200,2400,0,39840,3,120,38220,0,0,57,51,64,
2024-07-03T00:01:00+02:00,2024-07-03T08:10:00+02:00,20220,7561,0,1559,3,120,0,0,0,54,49,62,
2024-07-04T00:41:00+02:00,2024-07-04T06:38:00+02:00,16140,4620,0,660,1,120,0,0,0,52,46,62,
2024-07-05T00:43:00+02:00,2024-07-05T08:13:00+02:00,17580,9120,0,300,1,120,0,0,0,54,49,65,
2024-07-05T23:41:00+02:00,2024-07-06T08:21:00+02:00,21600,8580,0,1020,1,120,0,0,0,56,48,72,
2024-07-07T04:11:00+02:00,2024-07-07T11:11:00+02:00,15840,8280,0,1080,2,120,0,0,0,57,49,66,
2024-07-08T00:13:00+02:00,2024-07-08T08:05:00+02:00,17759,9181,0,1380,3,120,0,0,0,60,51,98,
2024-07-09T00:31:00+02:00,2024-07-09T07:46:00+02:00,17400,7500,0,1200,2,120,0,0,0,60,54,85,
2024-07-10T00:38:00+02:00,2024-07-10T08:28:00+02:00,22980,4500,0,720,1,120,0,0,0,59,51,91,
2024-07-11T00:33:00+02:00,2024-07-11T07:53:00+02:00,20160,5100,0,1140,2,120,0,0,0,59,51,70,
2024-07-11T23:57:00+02:00,2024-07-12T08:48:00+02:00,24120,7620,0,120,0,120,0,0,0,55,48,64,
2024-07-12T23:40:00+02:00,2024-07-13T05:40:00+02:00,14520,6000,0,1080,2,120,0,0,0,56,52,73,
2024-07-13T22:20:00+02:00,2024-07-14T07:20:00+02:00,19620,9660,0,3120,6,120,840,0,0,63,54,108,
2024-07-14T23:29:00+02:00,2024-07-15T08:19:00+02:00,22020,7500,0,2280,3,120,0,0,0,62,52,81,
2024-07-16T00:23:00+02:00,2024-07-16T07:31:00+02:00,18180,6180,0,241,1,120,0,0,0,62,54,86,
2024-07-17T00:25:00+02:00,2024-07-17T07:09:00+02:00,16080,6600,0,1560,3,120,0,0,0,60,53,67,
2024-07-18T01:24:00+02:00,2024-07-18T08:10:00+02:00,13561,9839,0,960,2,120,0,0,0,60,52,71,
2024-07-19T01:01:00+02:00,2024-07-19T08:23:00+02:00,21360,5040,0,120,0,120,0,0,0,56,50,68,
2024-07-20T01:49:00+02:00,2024-07-20T08:32:00+02:00,15060,7680,0,1440,2,120,0,0,0,63,55,77,
2024-07-21T00:12:00+02:00,2024-07-21T07:55:00+02:00,14040,12600,0,1140,3,120,0,0,0,0,0,0,
2024-07-22T00:08:00+02:00,2024-07-22T07:57:00+02:00,21720,5940,0,480,1,120,0,0,0,0,0,0,
2024-07-24T01:13:00+02:00,2024-07-24T07:41:00+02:00,15838,6662,0,780,2,120,0,0,0,51,46,87,
2024-07-24T23:40:00+02:00,2024-07-25T07:30:00+02:00,19860,7800,0,540,1,120,0,0,0,50,43,58,
2024-07-26T00:33:00+02:00,2024-07-26T06:54:00+02:00,15300,7440,0,120,0,120,0,0,0,54,48,62,
2024-07-27T01:23:00+02:00,2024-07-27T09:15:00+02:00,19740,8040,0,540,1,120,0,0,0,57,51,76,
2024-07-28T00:23:00+02:00,2024-07-28T08:00:00+02:00,19140,8160,0,120,0,120,0,0,0,58,51,66,
2024-07-28T23:46:00+02:00,2024-07-29T09:35:00+02:00,21480,12120,0,1740,3,120,0,0,0,50,43,72,
2024-07-29T23:21:00+02:00,2024-07-30T08:00:00+02:00,22380,8160,0,600,1,120,0,0,0,48,44,63,
2024-07-31T00:40:00+02:00,2024-07-31T08:09:00+02:00,17280,8940,0,720,2,120,0,0,0,50,45,59,
2024-07-31T23:57:00+02:00,2024-08-01T07:29:00+02:00,21240,5460,0,420,1,120,0,0,0,56,51,81,
2024-08-02T01:48:00+02:00,2024-08-02T08:00:00+02:00,15420,6780,0,120,0,120,0,0,0,61,53,91,
2024-08-03T01:01:00+02:00,2024-08-03T07:16:00+02:00,13680,8160,0,660,1,120,0,0,0,53,45,65,
2024-08-03T22:23:00+02:00,2024-08-04T08:46:00+02:00,20940,12840,0,540,2,120,0,0,0,51,43,68,
2024-08-04T22:20:00+02:00,2024-08-05T07:27:00+02:00,18660,11880,0,2280,5,120,0,0,0,70,57,87,
2024-08-05T23:19:00+02:00,2024-08-06T05:46:00+02:00,14640,7320,0,1260,3,120,0,0,0,59,52,71,
2024-08-06T22:54:00+02:00,2024-08-07T09:08:00+02:00,19079,10681,0,2699,6,120,0,0,0,49,42,67,
2024-08-08T01:11:00+02:00,2024-08-08T07:15:00+02:00,14160,7080,0,600,1,0,0,0,0,53,46,97,
2024-08-08T22:24:00+02:00,2024-08-09T07:06:00+02:00,13620,17580,0,120,0,120,0,0,0,56,53,70,
2024-08-10T00:44:00+02:00,2024-08-10T08:27:00+02:00,19380,7500,0,900,2,120,0,0,0,56,48,68,
2024-08-11T01:09:00+02:00,2024-08-11T07:41:00+02:00,13740,8280,0,1500,3,120,0,0,0,58,53,67,
2024-08-12T00:37:00+02:00,2024-08-12T07:48:00+02:00,14820,10740,0,300,1,120,0,0,0,64,58,93,
2024-08-13T00:55:00+02:00,2024-08-13T07:20:00+02:00,14340,6840,0,1920,5,120,0,0,0,63,55,97,
2024-08-14T01:07:00+02:00,2024-08-14T07:38:00+02:00,14040,8520,0,900,2,120,0,0,0,61,51,84,
2024-08-14T22:54:00+02:00,2024-08-15T08:13:00+02:00,23641,8820,0,1079,1,120,779,0,0,59,49,99,
2024-08-16T00:50:00+02:00,2024-08-16T08:54:00+02:00,19680,8760,0,600,1,120,0,0,0,63,57,77,
2024-08-16T23:50:00+02:00,2024-08-17T07:15:00+02:00,19740,6420,0,540,1,120,0,0,0,61,52,72,
2024-08-18T03:34:00+02:00,2024-08-18T09:36:00+02:00,12840,8760,0,120,0,120,0,0,0,67,59,87,
2024-08-19T22:33:00+02:00,2024-08-20T07:48:00+02:00,25320,6060,0,1920,5,120,0,0,0,63,56,91,
2024-08-21T01:22:00+02:00,2024-08-21T08:00:00+02:00,16200,7560,0,120,0,120,0,0,0,63,54,78,
2024-08-22T00:05:00+02:00,2024-08-22T07:19:00+02:00,19440,4980,0,1620,3,120,0,0,0,58,50,76,
2024-08-22T23:21:00+02:00,2024-08-23T07:51:00+02:00,23160,6240,0,1200,3,120,0,0,0,58,51,90,
2024-08-27T03:22:00+02:00,2024-08-27T09:14:00+02:00,10200,7500,0,240,1,120,0,0,0,69,62,94,
2024-08-27T23:53:00+02:00,2024-08-28T08:39:00+02:00,17040,13920,0,600,1,120,0,0,0,57,48,74,
2024-08-29T00:36:00+02:00,2024-08-29T07:59:00+02:00,17460,8580,0,540,1,120,0,0,0,53,47,62,
2024-08-29T22:37:00+02:00,2024-08-30T09:01:00+02:00,26460,10020,0,960,2,120,0,0,0,58,50,75,
2024-08-31T00:09:00+02:00,2024-08-31T08:04:00+02:00,19320,7560,0,1620,2,120,0,0,0,55,48,66,
2024-08-31T18:30:00+02:00,2024-09-01T05:45:00+02:00,25320,8700,0,1800,4,120,0,0,0,63,50,80,
2024-09-02T00:13:00+02:00,2024-09-02T08:00:00+02:00,20340,7080,0,600,1,120,0,0,0,54,48,72,
2024-09-02T23:42:00+02:00,2024-09-03T08:00:01+02:00,20521,8220,0,1140,2,120,0,0,0,47,43,62,
2024-09-04T01:01:00+02:00,2024-09-04T07:39:00+02:00,13740,10020,0,120,0,120,0,0,0,52,47,62,
2024-09-04T23:07:00+02:00,2024-09-04T23:38:00+02:00,660,1080,0,120,0,120,0,0,0,48,48,49,
2024-09-04T23:07:00+02:00,2024-09-05T08:09:00+02:00,20820,10920,0,780,2,120,0,0,0,50,45,67,
2024-09-06T00:45:00+02:00,2024-09-06T08:15:00+02:00,16202,10678,0,120,0,120,0,0,0,54,46,76,
2024-09-06T23:39:00+02:00,2024-09-07T07:03:00+02:00,19019,7021,0,600,1,120,0,0,0,51,46,60,
2024-09-08T00:46:00+02:00,2024-09-08T08:06:00+02:00,20520,5760,0,120,0,120,0,0,0,50,44,62,
2024-09-09T00:24:00+02:00,2024-09-09T08:06:00+02:00,14940,12660,0,120,0,120,0,0,0,57,50,69,
2024-09-10T00:19:00+02:00,2024-09-10T01:07:00+02:00,2040,720,0,120,0,120,0,0,0,51,50,53,
2024-09-10T00:19:00+02:00,2024-09-10T08:38:00+02:00,18060,11280,0,600,1,0,0,0,0,52,48,61,
2024-09-11T02:27:00+02:00,2024-09-11T07:55:00+02:00,14760,4800,0,120,0,120,0,0,0,60,55,89,
2024-09-11T23:39:00+02:00,2024-09-12T08:20:00+02:00,22500,8460,0,300,1,120,0,0,0,57,51,67,
2024-09-13T00:29:00+02:00,2024-09-13T07:30:00+02:00,16560,8160,0,540,1,120,0,0,0,55,48,73,
2024-10-24T00:45:00+02:00,2024-10-24T08:58:00+02:00,20821,5940,0,1739,5,120,0,0,0,60,50,73,
2024-10-24T23:57:00+02:00,2024-10-25T08:04:00+02:00,19800,8640,0,780,2,120,0,0,0,60,52,73,
2024-10-25T23:39:00+02:00,2024-10-26T09:24:00+02:00,19920,15060,0,120,0,120,0,0,0,64,55,86,
2024-10-26T23:43:00+02:00,2024-10-27T09:47:00+01:00,23640,15120,0,1080,2,120,0,0,0,57,52,82,
2024-10-28T23:52:00+01:00,2024-10-29T07:23:00+01:00,17760,9180,0,120,0,120,0,0,0,0,0,0,
2024-11-05T00:46:00+01:00,2024-11-05T08:21:00+01:00,17760,9420,0,120,0,120,0,0,0,56,50,85,
2024-11-06T00:51:00+01:00,2024-11-06T08:32:00+01:00,20460,7200,0,0,0,0,0,0,0,59,53,70,
2024-11-06T23:56:00+01:00,2024-11-07T07:45:00+01:00,20340,7680,0,120,0,120,0,0,0,58,48,76,
2024-11-07T23:47:00+01:00,2024-11-08T06:43:00+01:00,14820,10020,0,120,0,120,0,0,0,59,51,68,
2024-11-09T01:24:00+01:00,2024-11-09T08:37:00+01:00,17280,8220,0,480,1,120,0,0,0,57,51,66,
2024-11-09T23:48:00+01:00,2024-11-10T08:11:00+01:00,18720,10920,0,540,1,120,0,0,0,56,51,76,
2024-11-12T00:54:00+01:00,2024-11-12T01:34:00+01:00,180,2100,0,120,0,120,0,0,0,0,0,0,
2024-11-12T23:58:00+01:00,2024-11-13T07:41:00+01:00,15120,12540,0,120,0,120,0,0,0,0,0,0,
2024-11-14T01:14:00+01:00,2024-11-14T08:22:00+01:00,13560,12000,0,120,0,120,0,0,0,58,50,64,
2024-11-15T00:58:00+01:00,2024-11-15T08:37:00+01:00,18060,9360,0,120,0,120,0,0,0,60,55,84,
2024-11-16T02:42:00+01:00,2024-11-16T09:21:00+01:00,14700,8640,0,600,1,120,0,0,0,65,58,81,
2024-11-17T00:42:00+01:00,2024-11-17T09:07:00+01:00,22560,7620,0,120,0,120,0,0,0,62,54,99,
2024-11-17T21:50:00+01:00,2024-11-17T22:56:00+01:00,1260,1680,0,1020,1,120,0,0,0,57,51,72,
2024-11-17T21:50:00+01:00,2024-11-18T06:06:00+01:00,15540,13200,0,1020,1,0,0,0,0,57,45,86,
2024-11-17T21:50:00+01:00,2024-11-18T06:06:00+01:00,15540,13200,0,1020,1,120,0,0,0,57,45,86,
2024-11-17T21:50:00+01:00,2024-11-18T07:44:00+01:00,19920,14700,0,1020,1,120,0,0,0,57,45,86,
2024-11-19T00:49:00+01:00,2024-11-19T05:43:00+01:00,13440,3720,0,480,1,120,0,0,0,56,50,64,
2024-11-20T00:12:00+01:00,2024-11-20T08:38:00+01:00,21420,8820,0,120,0,120,0,0,0,60,55,73,
2024-11-21T00:56:00+01:00,2024-11-21T08:50:00+01:00,18419,9001,0,1020,2,120,0,0,0,59,50,69,
2024-11-22T00:04:00+01:00,2024-11-22T07:43:00+01:00,20220,6660,0,660,1,120,0,0,0,59,54,69,
2024-11-23T01:42:00+01:00,2024-11-23T07:15:00+01:00,13440,6420,0,120,0,120,0,0,0,74,66,88,
2024-11-23T23:53:00+01:00,2024-11-24T07:42:00+01:00,19320,8220,0,600,1,120,0,0,0,66,57,81,
2024-11-24T23:03:00+01:00,2024-11-25T07:19:00+01:00,14100,14940,0,720,1,120,0,0,0,63,55,71,
2024-11-25T23:13:00+01:00,2024-11-26T06:38:00+01:00,19020,6780,0,900,2,120,0,0,0,58,51,71,
2024-11-26T23:53:00+01:00,2024-11-27T07:54:00+01:00,23520,5220,0,120,0,120,0,0,0,60,51,80,
2024-11-28T00:03:00+01:00,2024-11-28T07:21:00+01:00,16320,9300,0,660,1,120,0,0,0,62,57,76,
2024-11-29T00:04:00+01:00,2024-11-29T08:28:00+01:00,20040,9420,0,780,1,120,0,0,0,62,56,92,
2024-11-30T01:16:00+01:00,2024-11-30T08:10:00+01:00,16560,7200,0,1080,2,120,0,0,0,70,60,81,
2024-12-01T00:22:00+01:00,2024-12-01T09:09:00+01:00,21720,9060,0,840,2,120,0,0,0,61,53,73,
2024-12-01T23:06:00+01:00,2024-12-02T08:20:00+01:00,23880,9240,0,120,0,120,0,0,0,64,58,79,
2024-12-02T23:45:00+01:00,2024-12-03T08:01:00+01:00,20580,8700,0,480,1,120,0,0,0,60,53,82,
2024-12-04T00:20:00+01:00,2024-12-04T07:54:00+01:00,16260,8820,0,2160,4,120,0,0,0,58,52,76,
2024-12-05T00:45:00+01:00,2024-12-05T08:16:00+01:00,15720,8580,0,2760,3,120,840,0,0,61,51,95,
2024-12-06T00:09:00+01:00,2024-12-06T06:40:01+01:00,13981,8880,0,600,1,120,0,0,0,61,55,98,
2024-12-07T01:19:00+01:00,2024-12-07T07:55:00+01:00,15300,7920,0,540,1,120,0,0,0,0,0,0,
2024-12-18T01:08:00+01:00,2024-12-18T07:40:00+01:00,13259,9240,0,1021,2,121,0,0,0,64,58,95,
2024-12-19T00:11:00+01:00,2024-12-19T08:08:00+01:00,16980,11040,0,600,1,120,0,0,0,62,56,70,
2024-12-20T01:26:00+01:00,2024-12-20T08:32:00+01:00,17820,7620,0,120,0,120,0,0,0,65,56,74,
2024-12-21T04:39:00+01:00,2024-12-21T15:04:00+01:00,16680,13860,0,1380,3,120,0,0,0,75,63,118,
2024-12-21T22:53:00+01:00,2024-12-22T08:34:00+01:00,22800,11940,0,120,0,120,0,0,0,63,56,78,
2024-12-22T23:30:00+01:00,2024-12-23T08:12:00+01:00,23100,7440,0,780,2,120,0,0,0,62,53,74,
2024-12-23T22:57:00+01:00,2024-12-24T07:18:00+01:00,18600,7860,0,240,1,120,0,0,0,61,53,74,
2024-12-24T23:06:00+01:00,2024-12-25T07:58:00+01:00,20220,11100,0,600,1,120,0,0,0,61,52,73,
2024-12-26T00:01:00+01:00,2024-12-26T07:00:00+01:00,16980,8040,0,120,0,120,0,0,0,60,53,82,
2024-12-26T22:47:00+01:00,2024-12-27T07:32:00+01:00,24360,7020,0,120,0,120,0,0,0,62,55,93,
2024-12-28T02:38:00+01:00,2024-12-28T08:04:00+01:00,9840,9600,0,120,0,120,0,0,0,67,56,79,
2024-12-28T22:41:00+01:00,2024-12-29T07:00:00+01:00,18480,10680,0,780,2,120,0,0,0,64,55,91,
2024-12-29T22:57:00+01:00,2024-12-30T07:58:00+01:00,26040,6300,0,120,0,120,0,0,0,64,56,71,
2024-12-31T00:42:00+01:00,2024-12-31T07:09:00+01:00,14760,7380,0,1080,2,120,420,0,0,65,57,78,
2025-01-01T02:58:00+01:00,2025-01-01T11:36:00+01:00,15300,9480,0,240,1,120,0,0,0,76,61,97,
2025-01-01T22:50:00+01:00,2025-01-02T08:01:00+01:00,22560,9900,0,600,1,120,0,0,0,60,54,72,
2025-01-04T00:00:00+01:00,2025-01-04T08:17:00+01:00,19020,10680,0,120,0,120,0,0,0,66,56,78,
2025-01-05T00:58:00+01:00,2025-01-05T07:31:00+01:00,14159,8520,0,901,2,121,0,0,0,70,62,87,
2025-01-06T00:01:00+01:00,2025-01-06T07:04:00+01:00,21000,4080,0,300,1,120,0,0,0,72,62,100,
2025-01-07T00:33:00+01:00,2025-01-07T07:37:00+01:00,18240,6540,0,660,1,120,0,0,0,68,61,81,
2025-01-08T00:16:00+01:00,2025-01-08T07:44:00+01:00,17819,8941,0,120,0,120,0,0,0,70,61,80,
2025-01-08T23:37:00+01:00,2025-01-09T06:57:00+01:00,17340,9060,0,0,0,0,0,0,0,56,51,72,
2025-01-09T23:40:00+01:00,2025-01-10T07:39:00+01:00,22380,6240,0,120,0,120,0,0,0,57,50,100,
2025-01-10T22:48:00+01:00,2025-01-11T08:09:00+01:00,21900,10860,0,900,2,120,0,0,0,59,49,68,
2025-01-12T01:02:00+01:00,2025-01-12T09:56:00+01:00,15720,15720,0,600,1,120,0,0,0,57,52,72,
2025-01-12T22:32:00+01:00,2025-01-13T08:17:00+01:00,24420,10080,0,600,1,120,0,0,0,0,0,0,
2025-01-14T00:59:00+01:00,2025-01-14T08:32:00+01:00,18660,8040,0,480,1,120,0,0,0,0,0,0,
2025-01-16T00:29:00+01:00,2025-01-16T08:27:00+01:00,19861,8699,0,120,0,120,0,0,0,54,50,68,
2025-01-20T23:48:00+01:00,2025-01-21T07:51:00+01:00,17460,10920,0,600,1,120,0,0,0,54,48,64,
2025-01-22T01:41:00+01:00,2025-01-22T09:34:00+01:00,17580,10260,0,540,1,120,0,0,0,59,53,74,
2025-01-23T00:37:00+01:00,2025-01-23T08:34:00+01:00,16080,11400,0,1140,2,120,0,0,0,61,54,70,
2025-01-23T23:48:00+01:00,2025-01-24T07:21:00+01:00,17940,9120,0,120,0,120,0,0,0,60,48,78,
2025-01-24T23:03:00+01:00,2025-01-25T08:20:00+01:00,22500,10800,0,120,0,120,0,0,0,60,54,85,
2025-01-26T00:22:00+01:00,2025-01-26T07:47:00+01:00,18660,6660,0,1380,3,120,0,0,0,57,51,66,
2025-01-26T23:03:00+01:00,2025-01-27T06:07:00+01:00,18420,6120,0,900,2,120,0,0,0,56,36,64,
2025-01-27T23:49:00+01:00,2025-01-28T08:00:00+01:00,19920,9120,0,420,1,120,0,0,0,58,51,76,
2025-01-29T23:37:00+01:00,2025-01-30T06:57:00+01:00,18900,6480,0,1020,2,120,0,0,0,60,50,96,
2025-01-31T00:42:00+01:00,2025-01-31T08:03:00+01:00,14160,11700,0,600,1,120,0,0,0,64,55,76,
2025-01-31T23:37:00+01:00,2025-02-01T07:54:00+01:00,19800,9900,0,120,0,120,0,0,0,65,59,82,
2025-02-01T23:05:00+01:00,2025-02-02T09:04:00+01:00,22680,12960,0,300,1,120,0,0,0,57,50,72,
2025-02-03T00:41:00+01:00,2025-02-03T08:06:00+01:00,17101,9479,0,120,0,120,0,0,0,62,55,76,
2025-02-04T00:05:00+01:00,2025-02-04T08:20:00+01:00,17040,8100,0,1500,4,120,0,0,0,63,55,96,
2025-02-04T23:31:00+01:00,2025-02-05T07:50:00+01:00,19260,10560,0,120,0,120,0,0,0,59,51,71,
2025-02-07T01:06:00+01:00,2025-02-07T08:21:00+01:00,15840,9240,0,1020,2,120,0,0,0,64,56,76,
2025-02-08T00:45:00+01:00,2025-02-08T07:54:00+01:00,19079,6541,0,120,0,120,0,0,0,59,52,69,
2025-02-09T02:13:00+01:00,2025-02-09T07:42:00+01:00,15060,4560,0,120,0,120,0,0,0,62,54,81,
2025-02-09T23:06:00+01:00,2025-02-10T07:50:00+01:00,18300,12540,0,600,1,120,0,0,0,62,51,88,
2025-02-10T23:55:00+01:00,2025-02-11T07:26:00+01:00,18540,7920,0,600,1,120,0,0,0,60,54,72,
2025-02-12T23:33:00+01:00,2025-02-13T07:36:00+01:00,20340,8520,0,120,0,120,0,0,0,59,53,67,
2025-02-14T00:57:00+01:00,2025-02-14T08:28:00+01:00,17280,9660,0,120,0,120,0,0,0,57,51,66,
2025-02-18T20:59:00+01:00,2025-02-19T05:08:00+01:00,15360,12061,0,1199,3,120,0,0,0,58,52,70,
2025-03-05T22:33:00+01:00,2025-03-06T06:38:00+01:00,17040,11940,0,120,0,120,0,0,0,56,48,76,
2025-03-08T01:16:00+01:00,2025-03-08T10:29:00+01:00,21060,11820,0,300,1,120,0,0,0,61,53,74,
2025-03-09T01:11:00+01:00,2025-03-09T06:45:00+01:00,14520,5100,0,420,1,120,0,0,0,67,59,75,
2025-03-09T22:45:00+01:00,2025-03-10T06:40:00+01:00,19020,8580,0,900,2,120,0,0,0,58,51,68,
2025-03-10T23:03:00+01:00,2025-03-11T07:01:00+01:00,18480,10080,0,120,0,120,0,0,0,56,48,71,
2025-03-13T01:00:00+01:00,2025-03-13T07:29:00+01:00,16200,5880,0,1260,2,120,720,0,0,58,50,96,
2025-03-13T23:20:00+01:00,2025-03-14T08:00:00+01:00,19380,10140,0,1680,3,120,0,0,0,56,48,84,
2025-03-15T00:57:00+01:00,2025-03-15T07:43:00+01:00,11940,12300,0,120,0,120,0,0,0,66,60,75,
2025-03-16T01:19:00+01:00,2025-03-16T09:54:00+01:00,19800,10500,0,600,1,120,0,0,0,62,50,71,
2025-03-16T23:58:00+01:00,2025-03-17T07:07:00+01:00,14520,11100,0,120,0,120,0,0,0,57,51,87,
2025-03-17T23:53:00+01:00,2025-03-18T07:28:00+01:00,18480,8220,0,600,1,120,0,0,0,53,45,84,
2025-03-20T00:52:00+01:00,2025-03-20T07:32:00+01:00,10860,12480,0,660,1,120,0,0,0,63,53,86,
2025-03-20T22:49:00+01:00,2025-03-21T07:45:00+01:00,21840,10020,0,300,1,120,0,0,0,58,53,77,
2025-03-22T01:23:00+01:00,2025-03-22T09:28:00+01:00,18061,10859,0,180,0,120,60,0,0,53,47,92,
2025-03-22T23:14:00+01:00,2025-03-23T06:55:00+01:00,18659,8401,0,600,1,120,0,0,0,58,49,87,
2025-03-26T00:37:00+01:00,2025-03-26T08:51:00+01:00,19080,9900,0,660,1,120,0,0,0,61,51,82,
2025-03-27T00:08:00+01:00,2025-03-27T08:41:00+01:00,20580,10080,0,120,0,120,0,0,0,64,57,81,
2025-03-27T23:52:00+01:00,2025-03-28T08:03:00+01:00,18120,10680,0,660,1,120,0,0,0,60,52,82,
2025-03-28T23:41:00+01:00,2025-03-29T07:44:00+01:00,16680,12180,0,120,0,120,0,0,0,61,50,76,
2025-03-29T23:52:00+01:00,2025-03-30T08:02:00+02:00,15060,9960,0,780,0,120,660,0,0,65,59,74,
2025-03-30T23:00:00+02:00,2025-03-31T07:47:00+02:00,18961,11579,0,1080,1,120,0,0,0,0,0,0,
2025-04-10T01:17:00+02:00,2025-04-10T08:39:00+02:00,15839,3241,0,360,2,120,0,0,0,68,59,95,
2025-04-12T02:11:00+02:00,2025-04-12T08:57:00+02:00,16200,8040,0,120,0,120,0,0,0,65,59,83,
2025-04-13T01:23:00+02:00,2025-04-13T09:00:00+02:00,19740,7080,0,600,1,120,0,0,0,59,49,71,
2025-04-14T00:31:00+02:00,2025-04-14T08:41:00+02:00,19379,9901,0,120,0,120,0,0,0,59,52,77,
2025-04-15T00:46:00+02:00,2025-04-15T07:26:00+02:00,13560,4800,0,900,3,120,0,0,0,57,52,89,
2025-04-17T01:04:00+02:00,2025-04-17T07:03:00+02:00,13080,8340,0,120,0,120,0,0,0,64,55,76,
2025-04-18T00:25:00+02:00,2025-04-18T07:30:00+02:00,17220,8160,0,120,0,120,0,0,0,58,51,68,
2025-04-19T00:30:00+02:00,2025-04-19T07:19:00+02:00,16080,8340,0,120,0,120,0,0,0,57,50,72,
2025-04-21T23:29:00+02:00,2025-04-22T07:49:00+02:00,22440,6420,0,1140,2,120,0,0,0,57,48,67,
2025-04-26T02:49:00+02:00,2025-04-26T10:11:00+02:00,21180,4920,0,420,1,120,0,0,0,61,52,78,
2025-04-27T00:52:00+02:00,2025-04-27T08:39:00+02:00,19920,7020,0,1080,2,120,0,0,0,60,51,76,
2025-05-09T01:34:00+02:00,2025-05-09T07:44:00+02:00,16260,5160,0,780,2,120,0,0,0,66,57,78,
2025-05-09T22:33:00+02:00,2025-05-10T07:13:00+02:00,20640,8880,0,420,2,120,0,0,0,76,66,92,
2025-05-14T23:53:00+02:00,2025-05-15T08:46:00+02:00,21960,8400,0,1620,4,120,0,0,0,64,56,80,
2025-05-16T02:30:00+02:00,2025-05-16T08:21:00+02:00,11160,9180,0,720,1,120,0,0,0,69,64,96,
2025-05-16T23:50:00+02:00,2025-05-17T09:23:00+02:00,24360,9900,0,120,0,120,0,0,0,58,50,67,
2025-05-18T23:34:00+02:00,2025-05-19T07:59:00+02:00,19200,9540,0,1560,4,120,0,0,0,58,51,89,
2025-05-20T00:27:00+02:00,2025-05-20T08:10:00+02:00,21180,6480,0,120,0,120,0,0,0,53,47,62,
2025-05-21T01:16:00+02:00,2025-05-21T07:46:00+02:00,11940,10860,0,600,1,120,0,0,0,58,51,74,
2025-05-23T00:30:00+02:00,2025-05-23T08:23:00+02:00,20040,7740,0,600,1,120,0,0,0,57,50,68,
2025-05-23T23:41:00+02:00,2025-05-24T04:03:00+02:00,10320,5220,0,180,0,120,60,0,0,54,46,63,
2025-05-24T06:43:00+02:00,2025-05-24T08:14:00+02:00,3060,2280,0,120,0,120,0,0,0,57,51,62,
2025-05-26T02:56:00+02:00,2025-05-26T08:09:00+02:00,13380,5280,0,120,0,120,0,0,0,57,50,69,
2025-05-27T00:10:00+02:00,2025-05-27T07:59:00+02:00,20340,7680,0,120,0,120,0,0,0,61,52,91,
2025-05-29T23:44:00+02:00,2025-05-30T09:05:00+02:00,21960,10920,0,780,1,120,0,0,0,51,45,61,
2025-05-31T01:04:00+02:00,2025-05-31T09:07:00+02:00,19500,8460,0,1020,2,120,0,0,0,52,47,76,
2025-07-08T01:51:00+02:00,2025-07-08T08:19:00+02:00,11281,9360,0,2639,1,120,2039,0,0,60,53,91,
2025-07-10T00:30:00+02:00,2025-07-10T07:58:00+02:00,19560,6000,0,1320,2,120,0,0,0,0,0,0,
2025-07-10T23:12:00+02:00,2025-07-11T13:04:00+02:00,14160,10740,0,25020,4,120,22920,0,0,82,67,98,
2025-07-15T22:00:00+02:00,2025-07-16T06:53:00+02:00,20580,10800,0,600,1,120,0,0,0,57,49,70,
2025-07-18T01:05:00+02:00,2025-07-18T08:30:00+02:00,17940,8100,0,660,1,120,0,0,0,61,50,78,
2025-07-19T01:12:00+02:00,2025-07-19T08:35:00+02:00,17880,8580,0,120,0,120,0,0,0,54,49,66,
2025-07-20T00:34:00+02:00,2025-07-20T07:01:00+02:00,10260,12840,0,120,0,120,0,0,0,0,0,0,
2025-07-21T00:15:00+02:00,2025-07-21T02:55:00+02:00,3300,5220,0,1080,2,120,0,0,0,0,0,0,
2025-09-01T23:41:00+02:00,2025-09-02T08:27:00+02:00,18600,11880,0,1080,2,120,0,0,0,52,44,61,
2025-09-02T23:21:00+02:00,2025-09-03T07:30:00+02:00,18780,10440,0,120,0,120,0,0,0,55,49,67,
2025-09-04T00:25:00+02:00,2025-09-04T08:14:00+02:00,16680,10620,0,840,2,120,0,0,0,54,48,71,
2025-09-05T01:05:00+02:00,2025-09-05T09:00:00+02:00,15060,13320,0,120,0,120,0,0,0,53,47,62,
2025-09-06T02:17:00+02:00,2025-09-06T08:52:00+02:00,13320,10260,0,120,0,120,0,0,0,56,50,67,
2025-09-06T23:12:00+02:00,2025-09-07T08:45:00+02:00,20580,13680,0,120,0,120,0,0,0,55,47,82,
2025-09-07T23:44:00+02:00,2025-09-08T08:15:00+02:00,18600,11940,0,120,0,120,0,0,0,59,50,73,
2025-09-09T00:00:00+02:00,2025-09-09T07:30:00+02:00,16260,10620,0,120,0,120,0,0,0,52,46,68,
2025-09-10T00:51:00+02:00,2025-09-10T08:16:00+02:00,16200,9900,0,600,1,120,0,0,0,57,52,71,
2025-09-11T01:16:00+02:00,2025-09-11T07:30:00+02:00,14760,7560,0,120,0,120,0,0,0,53,48,65,
2025-09-11T23:38:00+02:00,2025-09-12T07:48:00+02:00,19920,9360,0,120,0,120,0,0,0,58,53,72,
2025-09-13T00:58:00+02:00,2025-09-13T08:14:00+02:00,16321,9419,0,420,1,120,0,0,0,61,52,82,
2025-09-13T23:43:00+02:00,2025-09-14T07:30:00+02:00,17220,10200,0,600,1,120,0,0,0,55,48,66,
2025-09-15T01:03:00+02:00,2025-09-15T07:00:00+02:00,11700,9060,0,660,1,120,0,0,0,0,0,0,
2025-09-16T00:47:00+02:00,2025-09-16T07:42:00+02:00,12300,12480,0,120,0,120,0,0,0,0,0,0,
2025-09-17T00:35:00+02:00,2025-09-17T06:05:00+02:00,14159,5521,0,120,0,120,0,0,0,59,49,71,
2025-09-21T02:11:00+02:00,2025-09-21T09:50:00+02:00,20100,6840,0,600,1,120,0,0,0,67,57,76,
2025-09-22T23:13:00+02:00,2025-09-23T07:29:00+02:00,16620,10680,0,1260,3,120,0,0,0,58,52,80,
2025-09-24T01:36:00+02:00,2025-09-24T08:03:00+02:00,16501,6179,0,540,1,120,0,0,0,56,49,67,
2025-09-25T00:44:00+02:00,2025-09-25T08:30:00+02:00,21060,6300,0,600,1,120,0,0,0,56,48,89,
2025-09-25T22:57:01+02:00,2025-09-26T08:18:00+02:00,21299,8821,0,959,1,119,720,0,0,60,49,111,
2025-09-26T23:31:00+02:00,2025-09-27T07:29:00+02:00,18180,9840,0,660,1,120,0,0,0,60,54,78,
2025-09-27T22:35:00+02:00,2025-09-28T09:07:00+02:00,23460,9840,0,1740,4,120,0,0,0,0,0,0,
2025-09-29T01:11:00+02:00,2025-09-29T07:30:00+02:00,16801,4799,0,1140,3,120,0,0,0,0,0,0,
2025-09-29T23:42:00+02:00,2025-09-30T03:00:00+02:00,9720,1620,0,540,1,120,0,0,0,0,0,0,
