plotcode;Mixcode;Block;plot;Orientation;NO3--N [mg/kg];NH4+-N [mg/kg];Nmin [mg/kg];SWC [%];sowndiv;funcgr;numgras;numsherb;numtherb;numleg;grass;sherb;therb;leg;Achmil;Ajurep;Alopra;Antodo;Antsyl;Arrela;Avepub;Belper;Broere;Brohor;Campat;Carcar;Carpra;Cenjac;Cirole;Crebie;Cyncri;Dacglo;Daucar;Fespra;Fesrub;Galmol;Gerpra;Glehed;Hersph;Hollan;Knaarv;Latpra;Leoaut;Leohis;Leuvul;Lotcor;Luzcam;Medlup;Medvar;Onovic;Passat;Phlpra;Pimmaj;Plalan;Plamed;Poapra;Poatri;Priver;Pruvul;Ranacr;Ranrep;Rumace;Sanoff;Taroff;Trapra;Tricam;Tridub;Trifla;Trifra;Trihyb;Tripra;Trirep;Vercha;Viccra;monoculture;replication;eveness;dominance
B1A02;S08M07;B1;A02;NO;1.843585787;1.037780079;2.881365865;21.359;8;2;4;0;4;0;1;0;1;0;0;0;1;0;0;0;0;0;1;0;0;0;1;0;0;0;0;0;0;0;1;0;0;0;1;0;0;0;0;0;0;0;0;0;0;0;0;1;0;0;0;0;0;0;0;1;0;0;1;0;0;0;0;0;0;0;0;0;0;0;0;0;0;0
B1A03;S08M11;B1;A03;SO;1.587876697;0.529292232;2.117168929;21.256;8;3;3;3;0;2;1;1;0;1;0;0;0;0;0;0;0;0;0;0;0;0;0;0;0;0;1;0;0;0;0;0;0;1;0;0;0;0;0;0;0;1;0;1;0;0;0;1;0;0;0;0;0;1;0;0;0;0;0;0;0;0;0;1;0;0;0;0;1;0;0;0;0;0
B1A04;S04M16;B1;A04;NO;1.703703704;0.50617284;2.209876543;23.457;4;4;1;1;1;1;1;1;1;1;0;0;0;0;0;0;0;0;0;0;1;0;0;0;0;0;0;0;0;1;0;0;0;0;0;0;0;0;0;0;0;0;0;0;0;1;0;0;0;1;0;0;0;0;0;0;0;0;0;0;0;0;0;0;0;0;0;0;0;0;0;0;0;0
B1A05;S02M07;B1;A05;SO;1.336844597;0.185672861;1.522517458;23.039;2;1;0;0;0;2;0;0;0;1;0;0;0;0;0;0;0;0;0;0;0;0;0;0;0;0;0;0;0;0;0;0;0;0;0;0;0;0;0;0;0;0;0;1;0;1;0;0;0;0;0;0;0;0;0;0;0;0;0;0;0;0;0;0;0;0;0;0;0;0;0;0;0;0
B1A06;S16M03;B1;A06;NO;1.507145247;0.281823908;1.788969155;23.267;16;2;8;0;8;0;1;0;1;0;1;0;1;1;1;0;1;0;0;1;1;0;0;1;0;0;0;0;0;0;0;0;1;0;1;1;0;0;0;0;1;0;0;0;0;0;0;0;1;0;0;1;1;0;0;0;0;0;0;0;0;0;0;1;0;0;0;0;0;0;0;0;0;0
B1A07;S02M06;B1;A07;SO;2.959211394;0.388093298;3.347304692;22.249;2;1;0;0;2;0;0;0;1;0;0;0;0;0;0;0;0;0;0;0;0;0;0;0;0;0;0;0;0;0;0;0;0;0;0;0;0;0;0;0;0;0;0;0;0;0;0;0;0;0;0;0;0;0;0;1;0;0;1;0;0;0;0;0;0;0;0;0;0;0;0;0;0;0
B1A08;S01M16;B1;A08;NO;2.806863727;0.515791198;3.322654925;19.712;1;1;0;0;0;1;0;0;0;1;0;0;0;0;0;0;0;0;0;0;0;0;0;0;0;0;0;0;0;0;0;0;0;0;0;0;0;0;0;0;0;0;0;0;1;0;0;0;0;0;0;0;0;0;0;0;0;0;0;0;0;0;0;0;0;0;0;0;0;0;0;0;0;0
B1A09;S01M01;B1;A09;SO;2.107820188;0.209549375;2.317369564;22.525;1;1;1;0;0;0;1;0;0;0;0;0;0;0;0;0;0;0;0;0;0;0;0;0;0;0;1;0;0;0;0;0;0;0;0;0;0;0;0;0;0;0;0;0;0;0;0;0;0;0;0;0;0;0;0;0;0;0;0;0;0;0;0;0;0;0;0;0;0;0;0;0;0;0
B1A11;S16M14;B1;A11;SO;3.60472358;0.568530229;4.173253809;20.238;16;1;0;0;16;0;0;0;1;0;1;0;0;0;1;0;0;0;0;0;1;0;1;0;1;1;0;0;1;0;0;1;1;0;1;0;0;0;0;0;1;0;0;0;0;0;1;0;0;0;0;0;0;0;0;1;0;1;1;0;1;0;0;0;0;0;0;0;0;0;0;0;0;0
B1A12;S08M04;B1;A12;SW;4.694508816;0.504785894;5.19929471;26.196;8;1;0;0;0;8;0;0;0;1;0;0;0;0;0;0;0;0;0;0;0;0;0;0;0;0;0;0;0;0;0;0;0;0;0;0;0;1;0;0;0;0;0;1;1;1;0;0;0;0;0;0;0;0;0;0;0;0;0;0;0;1;1;0;0;1;1;0;0;0;0;0;0;0
B1A13;S04M04;B1;A13;NW;3.916221861;0.568093912;4.484315773;19.904;4;1;0;0;0;4;0;0;0;1;0;0;0;0;0;0;0;0;0;0;0;0;0;0;0;0;0;0;0;0;0;0;0;0;0;0;0;0;0;0;0;1;0;1;1;1;0;0;0;0;0;0;0;0;0;0;0;0;0;0;0;0;0;0;0;0;0;0;0;0;0;0;0;0
B1A14;S08M15;B1;A14;SW;2.316037671;0.387907787;2.703945458;14.319;8;4;2;2;2;2;1;1;1;1;0;0;0;0;1;0;0;0;0;0;0;0;0;0;0;0;0;0;1;0;0;0;0;0;0;0;0;0;0;1;0;0;1;0;0;0;0;0;0;1;0;0;0;0;0;0;0;0;0;0;0;1;0;1;1;0;0;0;0;0;0;0;0;0
B1A15;S01M11;B1;A15;NW;1.465034667;0.190573615;1.655608282;18.632;1;1;0;0;1;0;0;0;1;0;0;0;0;0;0;0;0;0;0;0;0;0;0;0;0;1;0;0;0;0;0;0;0;0;0;0;0;0;0;0;0;0;0;0;0;0;0;0;0;0;0;0;0;0;0;0;0;0;0;0;0;0;0;0;0;0;0;0;0;0;0;0;0;0
B1A16;S02M10;B1;A16;SW;4.162553964;0.997018913;5.159572877;24.378;2;2;1;1;0;0;1;1;0;0;0;0;0;0;0;0;0;0;0;0;0;0;0;0;0;0;0;0;0;0;0;0;0;0;0;0;0;0;0;0;0;0;0;0;0;0;0;0;0;1;0;1;0;0;0;0;0;0;0;0;0;0;0;0;0;0;0;0;0;0;0;0;0;0
B1A17;S02M14;B1;A17;NW;3.23998864;0.610432642;3.850421282;18.095;2;2;1;0;1;0;1;0;1;0;0;0;1;0;0;0;0;0;0;0;0;0;0;0;0;0;0;0;1;0;0;0;0;0;0;0;0;0;0;0;0;0;0;0;0;0;0;0;0;0;0;0;0;0;0;0;0;0;0;0;0;0;0;0;0;0;0;0;0;0;0;0;0;0
B1A18;S01M07;B1;A18;SW;2.230541703;0.280277491;2.510819194;17.249;1;1;0;1;0;0;0;1;0;0;0;0;0;0;0;0;0;0;0;0;0;0;0;0;0;0;0;0;0;0;0;0;0;0;0;0;0;0;0;0;0;0;0;0;0;0;0;0;0;0;0;0;0;0;1;0;0;0;0;0;0;0;0;0;0;0;0;0;0;0;0;0;0;0
B1A19;S04M09;B1;A19;NW;2.750164352;0.500029882;3.250194235;24.257;4;3;2;1;1;0;1;1;1;0;0;0;0;0;0;1;0;0;0;0;1;0;0;0;0;0;0;0;0;0;0;0;0;0;0;0;0;0;0;0;0;0;1;0;0;0;0;0;0;0;0;0;0;0;1;0;0;0;0;0;0;0;0;0;0;0;0;0;0;0;0;0;0;0
B1A20;S16M08;B1;A20;SW;2.712092828;0.681010093;3.393102921;20.192;16;3;0;6;5;5;0;1;1;1;1;1;0;0;0;0;0;1;0;0;0;0;0;0;0;0;0;0;0;0;0;0;1;0;0;0;1;0;1;1;0;1;0;0;1;1;0;0;0;1;0;0;0;0;0;1;0;0;1;0;0;0;0;0;0;1;0;1;1;0;0;0;0;0
B1A22;S60M01;B1;A22;SW;4.087389748;0.239729604;4.327119352;19.385;60;4;16;12;20;12;1;1;1;1;1;1;1;1;1;1;1;1;1;1;1;1;1;1;1;1;1;1;1;1;1;1;1;1;1;1;1;1;1;1;1;1;1;1;1;1;1;1;1;1;1;1;1;1;1;1;1;1;1;1;1;1;1;1;1;1;1;1;1;1;0;0;0;0
B2A01;S04M15;B2;A01;NO;1.694733989;0.927774081;2.62250807;23.951;4;4;1;1;1;1;1;1;1;1;0;0;0;1;0;0;0;0;0;0;0;0;0;0;0;0;0;0;0;0;0;0;0;0;0;0;1;0;0;0;0;0;0;0;0;0;0;0;0;0;0;0;0;0;1;0;0;0;0;0;0;0;0;0;0;0;1;0;0;0;0;0;0;0
B2A02;S02M02;B2;A02;SO;1.120331114;0.579047542;1.699378657;25.628;2;1;2;0;0;0;1;0;0;0;0;0;0;0;0;0;0;0;0;0;0;0;0;0;0;0;0;0;0;0;1;0;0;0;0;0;0;0;0;0;0;0;0;0;0;0;0;0;0;0;0;0;0;0;0;0;0;0;0;0;0;0;0;1;0;0;0;0;0;0;0;0;0;0
B2A03;S60M01;B2;A03;NO;1.954733583;1.198903264;3.153636847;29.534;60;4;16;12;20;12;1;1;1;1;1;1;1;1;1;1;1;1;1;1;1;1;1;1;1;1;1;1;1;1;1;1;1;1;1;1;1;1;1;1;1;1;1;1;1;1;1;1;1;1;1;1;1;1;1;1;1;1;1;1;1;1;1;1;1;1;1;1;1;1;0;0;0;0
B2A05;S01M02;B2;A05;NO;5.655737705;0.620608899;6.276346604;17.096;1;1;1;0;0;0;1;0;0;0;0;0;0;0;0;0;0;0;0;0;0;0;0;0;0;0;0;0;0;1;0;0;0;0;0;0;0;0;0;0;0;0;0;0;0;0;0;0;0;0;0;0;0;0;0;0;0;0;0;0;0;0;0;0;0;0;0;0;0;0;0;0;0;0
B2A07;S00M01;B2;A07;NO;18.25699023;1.053743275;19.3107335;17.925;0;0;0;0;0;0;0;0;0;0;0;0;0;0;0;0;0;0;0;0;0;0;0;0;0;0;0;0;0;0;0;0;0;0;0;0;0;0;0;0;0;0;0;0;0;0;0;0;0;0;0;0;0;0;0;0;0;0;0;0;0;0;0;0;0;0;0;0;0;0;0;0;0;0
B2A08;S02M11;B2;A08;SO;1.954817855;0.37911619;2.333934046;19.185;2;2;0;0;1;1;0;0;1;1;0;0;0;0;0;0;0;0;0;0;0;0;0;0;0;0;0;0;0;0;0;0;0;0;0;0;0;0;0;0;0;0;0;0;0;0;0;0;0;0;0;0;0;0;0;1;0;0;0;0;0;1;0;0;0;0;0;0;0;0;0;0;0;0
B2A09;S04M02;B2;A09;NO;2.934210526;0.197368421;3.131578947;30.789;4;1;0;4;0;0;0;1;0;0;0;1;0;0;0;0;0;0;0;0;0;0;0;0;0;0;0;0;0;0;0;0;0;0;0;0;0;0;0;0;0;0;0;0;0;0;0;0;0;1;0;0;0;1;1;0;0;0;0;0;0;0;0;0;0;0;0;0;0;0;0;0;0;0
B2A10;S16M01;B2;A10;SO;2.676047556;0.727469238;3.403516794;28.866;16;2;8;8;0;0;1;1;0;0;0;0;1;1;0;1;0;1;1;0;0;0;0;0;0;0;0;0;0;1;0;0;0;0;0;1;0;0;1;1;0;0;0;0;0;0;0;1;0;1;0;1;0;1;1;0;1;0;0;0;0;0;0;0;0;0;0;0;1;0;0;0;0;0
B2A11;S99M02;B2;A11;NO;4.525934523;1.033778916;5.55971344;25.062;0;0;0;0;0;0;0;0;0;0;0;0;0;0;0;0;0;0;0;0;0;0;0;0;0;0;0;0;0;0;0;0;0;0;0;0;0;0;0;0;0;0;0;0;0;0;0;0;0;0;0;0;0;0;0;0;0;0;0;0;0;0;0;0;0;0;0;0;0;0;0;0;0;0
B2A12;S08M03;B2;A12;NW;1.403674907;0.377458799;1.781133705;18.9;8;1;0;0;8;0;0;0;1;0;0;0;0;0;1;0;0;0;0;0;0;0;0;0;0;0;0;0;0;0;0;1;1;0;1;0;1;0;0;0;1;0;0;0;0;0;0;0;0;0;0;0;0;0;0;1;0;0;1;0;0;0;0;0;0;0;0;0;0;0;0;0;0;0
B2A13;S01M05;B2;A13;SW;1.452534791;0.26514524;1.717680031;15.972;1;1;0;1;0;0;0;1;0;0;0;0;0;0;0;0;0;0;0;0;0;0;0;0;0;0;0;0;0;0;0;0;0;0;0;0;0;0;0;0;0;0;0;0;0;0;0;0;0;1;0;0;0;0;0;0;0;0;0;0;0;0;0;0;0;0;0;0;0;0;0;0;0;0
B2A14;S08M13;B2;A14;NW;1.055401887;0.368754876;1.424156763;27.411;8;4;2;2;2;2;1;1;1;1;0;0;0;0;0;0;0;0;0;0;0;0;0;0;0;0;0;0;0;0;0;0;0;0;0;0;1;0;0;1;0;0;1;0;0;0;0;1;0;0;0;0;0;0;0;0;0;0;1;0;0;0;1;0;0;1;0;0;1;0;0;0;0;0
B2A15;S01M15;B2;A15;SW;5.651158134;0.344293248;5.995451381;18.009;1;1;0;0;0;1;0;0;0;1;0;0;0;0;0;0;0;0;0;0;0;0;0;0;0;0;0;0;0;0;0;0;0;0;0;0;0;0;0;0;0;0;0;0;0;1;0;0;0;0;0;0;0;0;0;0;0;0;0;0;0;0;0;0;0;0;0;0;0;0;0;0;0;0
B2A16;S04M12;B2;A16;NW;4.206549118;1.189351685;5.395900804;26.196;4;3;0;2;1;1;0;1;1;1;0;0;0;0;0;0;0;0;0;0;0;0;0;0;0;0;0;0;0;0;0;0;0;0;0;0;1;0;1;0;0;0;0;0;0;0;0;0;0;0;1;0;0;0;0;0;0;0;0;0;0;0;0;0;0;0;0;0;0;1;0;0;0;0
B2A17;S08M08;B2;A17;SW;8.710384006;0.533288817;9.243672823;27.735;8;2;0;4;0;4;0;1;0;1;0;0;0;0;0;0;0;0;0;0;0;0;0;0;0;0;0;0;0;0;0;0;0;1;0;0;0;1;1;0;0;0;0;0;0;0;0;0;0;0;1;0;0;0;0;0;0;0;0;1;0;1;0;0;1;0;0;0;0;1;0;0;0;0
B2A18;S16M11;B2;A18;NW;3.862897008;0.988994716;4.851891724;15.654;16;4;4;4;4;4;1;1;1;1;0;1;1;0;1;0;0;0;0;1;1;0;1;0;0;0;1;0;0;0;0;0;1;0;0;0;0;0;0;0;0;0;0;1;0;0;0;0;0;0;1;1;0;1;0;0;1;0;0;0;0;1;1;0;0;0;0;1;0;0;0;0;0;0
B2A19;S02M03;B2;A19;SW;1.868624734;0.642711692;2.511336426;18.545;2;1;0;2;0;0;0;1;0;0;0;0;0;0;0;0;0;0;0;0;0;0;0;0;0;0;0;0;0;0;0;0;0;0;0;0;0;0;0;0;0;0;0;0;0;0;0;0;0;0;1;0;0;0;0;0;0;0;0;1;0;0;0;0;0;0;0;0;0;0;0;0;0;0
B2A20;S02M16;B2;A20;NW;2.406123724;0.43855457;2.844678294;19.002;2;2;0;1;0;1;0;1;0;1;0;0;0;0;0;0;0;0;0;0;0;0;0;0;0;0;0;0;0;0;0;0;0;0;0;0;0;0;0;0;0;0;0;0;0;0;0;0;0;1;0;0;0;0;0;0;0;0;0;0;0;0;1;0;0;0;0;0;0;0;0;0;0;0
B2A22;S16M06;B2;A22;NW;4.457682573;0.281807519;4.739490092;28.351;16;3;5;0;5;6;1;0;1;1;1;0;0;0;0;0;0;0;0;0;1;0;0;1;0;0;1;0;0;1;0;0;0;0;0;0;0;1;0;0;0;1;0;0;0;1;0;1;0;0;0;0;1;0;0;0;0;1;1;0;0;0;0;1;0;1;0;1;0;1;0;0;0;0
B3A01;S01M12;B3;A01;SO;1.845365859;1.415623124;3.260988983;26.142;1;1;0;0;1;0;0;0;1;0;0;0;0;0;0;0;0;0;0;0;0;0;0;0;0;0;0;0;0;0;0;1;0;0;0;0;0;0;0;0;0;0;0;0;0;0;0;0;0;0;0;0;0;0;0;0;0;0;0;0;0;0;0;0;0;0;0;0;0;0;0;0;0;0
B3A02;S02M13;B3;A02;NO;1.627111461;0.580210288;2.207321749;25.628;2;2;1;0;1;0;1;0;1;0;0;0;0;0;0;0;0;0;0;0;0;1;0;0;0;0;0;0;0;1;0;0;0;0;0;0;0;0;0;0;0;0;0;0;0;0;0;0;0;0;0;0;0;0;0;0;0;0;0;0;0;0;0;0;0;0;0;0;0;0;0;0;0;0
B3A03;S04M11;B3;A03;SO;2.497487437;1.011482412;3.508969849;24.874;4;3;1;1;0;2;1;1;0;1;0;0;0;0;0;0;0;0;0;0;0;0;0;0;0;0;0;0;0;0;0;0;0;0;0;0;0;0;0;0;0;0;0;0;0;0;0;1;0;0;1;0;0;0;0;0;0;0;0;0;0;0;0;0;0;1;0;0;0;1;0;0;0;0
B3A04;S08M01;B3;A04;NO;2.072864322;0.728643216;2.801507538;25.879;8;1;8;0;0;0;1;0;0;0;0;0;1;0;0;1;0;0;0;0;0;0;0;0;0;0;1;1;0;0;1;0;0;0;0;1;0;0;0;0;0;0;0;0;0;0;0;0;0;0;0;0;1;0;0;0;0;0;0;0;0;0;0;1;0;0;0;0;0;0;0;0;0;0
B3A05;S08M10;B3;A05;SO;3.052716082;0.458510716;3.511226798;21.867;8;3;3;0;2;3;1;0;1;1;0;0;0;1;1;0;0;0;1;0;0;0;0;0;0;0;0;0;0;0;0;0;0;0;0;0;0;0;0;0;1;1;0;0;0;1;0;0;0;0;0;0;1;0;0;0;0;0;0;0;0;0;0;0;0;1;0;0;0;0;0;0;0;0
B3A06;S01M03;B3;A06;NO;4.246751078;0.68455092;4.931301998;26.515;1;1;1;0;0;0;1;0;0;0;0;0;0;0;0;0;0;0;0;0;0;0;0;0;0;0;0;0;0;0;1;0;0;0;0;0;0;0;0;0;0;0;0;0;0;0;0;0;0;0;0;0;0;0;0;0;0;0;0;0;0;0;0;0;0;0;0;0;0;0;0;0;0;0
B3A07;S08M16;B3;A07;SO;7.846789834;0.35725222;8.204042054;28.866;8;4;2;2;2;2;1;1;1;1;0;0;0;0;0;0;0;0;0;1;0;0;0;0;0;0;0;0;0;0;0;0;0;0;1;1;0;0;0;0;1;0;0;1;0;1;0;0;0;0;0;0;0;1;0;0;1;0;0;0;0;0;0;0;0;0;0;0;0;0;0;0;0;0
B3A08;S02M01;B3;A08;NO;2.382133995;0.397022333;2.779156328;25.31;2;1;2;0;0;0;1;0;0;0;0;0;0;0;0;0;0;0;0;0;0;0;0;0;0;0;0;1;0;1;0;0;0;0;0;0;0;0;0;0;0;0;0;0;0;0;0;0;0;0;0;0;0;0;0;0;0;0;0;0;0;0;0;0;0;0;0;0;0;0;0;0;0;0
B3A09;S16M13;B3;A09;SO;1.345159565;0.448386522;1.793546087;27.342;16;1;16;0;0;0;1;0;0;0;0;0;1;1;0;1;1;0;1;1;0;0;0;0;0;0;1;1;0;1;1;0;0;0;0;1;0;0;0;0;0;0;1;0;0;0;0;1;0;0;0;1;1;0;0;0;0;0;0;0;0;0;0;1;0;0;0;0;0;0;0;0;0;0
B3A11;S04M05;B3;A11;SO;1.431866898;0.255690518;1.687557416;29.124;4;2;2;2;0;0;1;1;0;0;0;0;0;0;0;0;0;0;1;0;0;0;0;0;0;0;0;0;0;0;0;0;0;0;0;0;0;0;0;0;0;0;0;0;0;0;0;0;0;1;0;0;1;0;1;0;0;0;0;0;0;0;0;0;0;0;0;0;0;0;0;0;0;0
B3A13;S04M01;B3;A13;SW;2.56000986;0.624082006;3.184091866;26.854;4;1;4;0;0;0;1;0;0;0;0;0;1;1;0;0;0;0;1;0;0;0;0;0;0;0;0;0;0;0;0;0;0;0;0;0;0;0;0;0;0;0;0;0;0;0;0;0;0;0;0;0;1;0;0;0;0;0;0;0;0;0;0;0;0;0;0;0;0;0;0;0;0;0
B3A14;S60M01;B3;A14;NW;4.105088161;1.013602015;5.118690176;26.7;60;4;16;12;20;12;1;1;1;1;1;1;1;1;1;1;1;1;1;1;1;1;1;1;1;1;1;1;1;1;1;1;1;1;1;1;1;1;1;1;1;1;1;1;1;1;1;1;1;1;1;1;1;1;1;1;1;1;1;1;1;1;1;1;1;1;1;1;1;1;0;0;0;0
B3A16;S16M04;B3;A16;NW;8.136246787;0.334190231;8.470437018;29.82;16;2;0;8;0;8;0;1;0;1;0;1;0;0;0;0;0;0;0;0;0;0;0;0;0;0;0;0;0;0;0;0;0;1;0;0;0;1;0;1;0;0;0;1;0;1;0;0;0;0;1;0;0;0;1;0;1;0;0;1;0;1;0;0;1;1;0;1;1;1;0;0;0;0
B3A17;S01M08;B3;A17;SW;1.69760833;0.398680744;2.096289075;27.835;1;1;0;1;0;0;0;1;0;0;0;0;0;0;0;0;0;0;0;0;0;0;0;0;0;0;0;0;0;0;0;0;0;0;0;0;0;0;0;0;0;0;0;0;0;0;0;0;0;0;0;0;0;0;0;0;0;0;0;0;0;0;0;0;0;0;0;0;1;0;0;0;0;0
B3A19;S02M09;B3;A19;SW;6.007427184;1.039514563;7.046941748;20.874;2;2;1;1;0;0;1;1;0;0;0;0;0;0;0;0;0;0;0;0;0;0;0;0;0;0;0;0;0;0;0;0;0;0;0;0;0;0;0;0;0;0;0;0;0;0;0;0;0;0;0;0;0;0;0;0;0;0;0;1;0;0;0;1;0;0;0;0;0;0;0;0;0;0
B3A20;S08M06;B3;A20;NW;1.816190851;0.388289078;2.204479929;25.505;8;2;0;0;4;4;0;0;1;1;0;0;0;0;0;0;0;0;0;0;1;0;1;0;0;0;0;0;0;0;0;0;0;0;1;0;1;0;0;0;0;1;0;0;0;0;0;0;0;0;0;0;0;0;0;0;0;0;0;0;0;1;0;0;1;1;0;0;0;0;0;0;0;0
B3A21;S02M08;B3;A21;SW;2.871471844;0.433911301;3.305383145;27.366;2;1;0;0;0;2;0;0;0;1;0;0;0;0;0;0;0;0;0;0;0;0;0;0;0;0;0;0;0;0;0;0;0;0;0;0;0;0;0;0;0;1;0;0;0;0;0;0;0;0;0;0;0;0;0;0;0;0;0;0;0;0;0;0;0;0;1;0;0;0;0;0;0;0
B3A22;S16M10;B3;A22;NW;1.808155558;0.573007043;2.381162601;28.608;16;4;4;4;4;4;1;1;1;1;0;1;0;1;0;0;0;1;1;0;0;0;0;0;0;1;0;0;0;0;1;1;1;0;0;0;0;0;0;0;0;0;0;0;0;1;0;1;0;0;0;0;0;0;0;0;1;1;0;0;0;0;1;0;1;0;0;0;1;1;0;0;0;0
B3A23;S04M13;B3;A23;SW;9.260983327;0.872961543;10.13394487;26.01;4;4;1;1;1;1;1;1;1;1;0;0;0;0;0;0;0;0;0;1;0;0;0;0;0;0;0;0;0;0;0;0;0;0;0;0;0;0;0;0;1;0;0;0;0;0;0;0;0;0;0;0;0;0;0;0;1;0;0;0;0;0;0;0;1;0;0;0;0;0;0;0;0;0
B3A24;S16M07;B3;A24;NW;3.483473513;0.574467562;4.057941075;22.716;16;3;6;5;0;5;1;1;0;1;0;1;0;1;0;1;1;0;0;1;0;0;0;0;0;0;0;0;0;1;0;0;0;1;0;0;0;0;0;0;0;1;0;0;1;0;0;0;0;0;0;0;1;0;1;0;1;0;0;1;0;0;0;0;0;0;1;1;0;1;0;0;0;0
B4A01;S60M01;B4;A01;SO;2.077163501;0.931142259;3.00830576;19.855;60;4;16;12;20;12;1;1;1;1;1;1;1;1;1;1;1;1;1;1;1;1;1;1;1;1;1;1;1;1;1;1;1;1;1;1;1;1;1;1;1;1;1;1;1;1;1;1;1;1;1;1;1;1;1;1;1;1;1;1;1;1;1;1;1;1;1;1;1;1;0;0;0;0
B4A02;S16M05;B4;A02;NO;2.181200977;0.229600103;2.41080108;28.831;16;3;5;5;6;0;1;1;1;0;0;0;0;0;1;1;0;0;0;0;0;0;0;0;0;0;1;0;0;0;0;1;0;1;1;0;1;0;0;1;0;0;1;0;0;0;1;1;0;0;1;1;0;0;0;1;1;0;0;1;0;0;0;0;0;0;0;0;0;0;0;0;0;0
B4A04;S04M14;B4;A04;NO;2.204266206;0.420466964;2.624733171;26.65;4;4;1;1;1;1;1;1;1;1;0;0;0;0;1;1;0;0;0;0;0;0;0;0;0;0;0;0;0;0;0;0;0;0;0;0;0;0;0;0;0;0;0;0;0;0;0;0;0;1;0;0;0;0;0;0;0;0;0;0;0;1;0;0;0;0;0;0;0;0;0;0;0;0
B4A06;S08M02;B4;A06;NW;3.567839196;0.489949749;4.057788945;25.879;8;1;0;8;0;0;0;1;0;0;0;1;0;0;0;0;0;1;0;0;0;0;0;0;0;0;0;0;0;0;0;0;0;1;0;0;0;0;1;0;0;0;0;0;0;0;0;0;0;0;0;0;0;1;1;0;0;0;0;1;0;0;0;0;0;0;0;0;1;0;0;0;0;0
B4A07;S04M06;B4;A07;SW;3.031437126;0.374251497;3.405688623;25;4;2;0;0;2;2;0;0;1;1;0;0;0;0;0;0;0;0;0;0;0;0;1;0;0;1;0;0;0;0;0;0;0;0;0;0;0;0;0;0;0;0;0;1;0;0;0;0;0;0;0;0;0;0;0;0;0;0;0;0;0;0;0;0;0;0;0;1;0;0;0;0;0;0
B4A08;S08M05;B4;A08;NW;1.872836111;0.590760384;2.463596496;26.196;8;2;4;4;0;0;1;1;0;0;0;1;0;1;0;0;1;0;0;1;0;0;0;0;0;0;0;0;0;0;1;0;0;0;0;0;0;0;0;0;0;0;0;0;0;0;0;0;0;1;0;0;0;0;0;0;0;0;0;1;0;0;0;0;0;0;0;0;1;0;0;0;0;0
B4A09;S01M14;B4;A09;SO;2.058884955;0.13980083;2.198685786;26.329;1;1;0;0;0;1;0;0;0;1;0;0;0;0;0;0;0;0;0;0;0;0;0;0;0;0;0;0;0;0;0;0;0;0;0;0;0;0;0;0;0;0;0;0;0;0;0;0;0;0;0;0;0;0;0;0;0;0;0;0;0;0;0;0;0;0;0;1;0;0;0;0;0;0
B4A10;S08M09;B4;A10;NO;3.060090831;1.791840258;4.851931089;15.888;8;3;2;3;3;0;1;1;1;0;1;1;0;0;0;0;0;0;1;0;0;1;0;0;0;0;0;0;0;1;0;0;0;0;0;0;0;0;0;0;0;0;0;0;0;0;0;0;1;0;1;0;0;1;0;0;0;0;0;0;0;0;0;0;0;0;0;0;0;0;0;0;0;0
B4A12;S01M04;B4;A12;NO;1.188794727;0.823917137;2.012711864;18.644;1;1;1;0;0;0;1;0;0;0;0;0;0;0;0;0;0;0;0;0;0;0;0;0;0;0;0;0;0;0;0;0;0;0;0;0;0;0;0;0;0;0;0;0;0;0;0;0;0;0;0;1;0;0;0;0;0;0;0;0;0;0;0;0;0;0;0;0;0;0;0;0;0;0
B4A13;S01M09;B4;A13;SW;1.933783784;0.364864865;2.298648649;21.622;1;1;0;0;1;0;0;0;1;0;0;0;0;0;0;0;0;0;0;0;0;0;0;0;1;0;0;0;0;0;0;0;0;0;0;0;0;0;0;0;0;0;0;0;0;0;0;0;0;0;0;0;0;0;0;0;0;0;0;0;0;0;0;0;0;0;0;0;0;0;0;0;0;0
B4A14;S02M04;B4;A14;NW;1.384193448;0.543790283;1.927983732;23.342;2;1;0;2;0;0;0;1;0;0;0;0;0;0;0;0;0;1;0;0;0;0;0;0;0;0;0;0;0;0;0;0;0;0;0;0;0;0;0;0;0;0;0;0;0;0;0;0;0;1;0;0;0;0;0;0;0;0;0;0;0;0;0;0;0;0;0;0;0;0;0;0;0;0
B4A15;S02M15;B4;A15;SW;2.532433656;1.000620128;3.533053784;23.039;2;2;0;1;0;1;0;1;0;1;0;0;0;0;0;0;0;0;0;0;0;0;0;0;0;0;0;0;0;0;0;0;0;0;0;0;0;0;0;0;0;0;0;1;0;0;0;0;0;0;0;0;0;0;0;0;1;0;0;0;0;0;0;0;0;0;0;0;0;0;0;0;0;0
B4A16;S08M14;B4;A16;NW;3.451305888;1.199916384;4.651222271;24.198;8;4;2;2;2;2;1;1;1;1;0;0;0;0;1;0;0;0;0;0;0;0;0;0;0;0;0;0;0;0;0;0;0;0;0;0;0;0;0;0;0;0;0;0;0;0;0;1;0;0;0;0;1;1;0;0;0;0;1;1;0;0;1;0;1;0;0;0;0;0;0;0;0;0
B4A17;S02M05;B4;A17;SO;1.614457831;0.277108434;1.891566265;21.205;2;1;0;0;2;0;0;0;1;0;0;0;0;0;0;0;0;0;0;0;0;0;0;0;0;0;0;0;1;0;0;0;0;0;1;0;0;0;0;0;0;0;0;0;0;0;0;0;0;0;0;0;0;0;0;0;0;0;0;0;0;0;0;0;0;0;0;0;0;0;0;0;0;0
B4A18;S16M09;B4;A18;NO;3.08989839;0.899109777;3.989008167;26.382;16;4;4;4;4;4;1;1;1;1;0;0;1;0;0;0;0;0;0;1;0;1;0;0;0;1;1;0;0;0;0;0;0;0;1;0;0;1;1;0;0;0;1;0;0;1;0;0;1;0;1;0;0;0;0;0;0;0;0;1;0;1;0;0;0;1;0;0;1;0;0;0;0;0
B4A19;S99M02;B4;A19;SO;1.869316522;0.361401194;2.230717717;24.372;0;0;0;0;0;0;0;0;0;0;0;0;0;0;0;0;0;0;0;0;0;0;0;0;0;0;0;0;0;0;0;0;0;0;0;0;0;0;0;0;0;0;0;0;0;0;0;0;0;0;0;0;0;0;0;0;0;0;0;0;0;0;0;0;0;0;0;0;0;0;0;0;0;0
B4A20;S16M02;B4;A20;NO;9.490593768;0.634332745;10.12492651;22.963;16;2;0;0;8;8;0;0;1;1;0;0;0;0;1;0;0;0;0;0;1;0;1;1;1;0;0;0;0;0;0;0;1;0;0;0;0;0;0;0;0;0;0;0;1;0;0;0;0;0;0;0;0;0;0;0;0;1;0;0;1;1;1;0;1;1;1;1;0;1;0;0;0;0
B4A21;S02M12;B4;A21;SW;6.423529412;1.951764706;8.375294118;23.529;2;2;0;0;1;1;0;0;1;1;0;0;0;0;0;0;0;0;0;0;0;0;0;0;0;0;0;0;1;0;0;0;0;0;0;0;0;0;0;0;0;0;0;0;1;0;0;0;0;0;0;0;0;0;0;0;0;0;0;0;0;0;0;0;0;0;0;0;0;0;0;0;0;0
B4A22;S04M03;B4;A22;NW;1.121697492;0.63400293;1.755700422;22.167;4;1;0;0;4;0;0;0;1;0;0;0;0;0;0;0;0;0;0;0;1;0;1;0;0;0;0;0;0;0;0;0;1;0;0;0;1;0;0;0;0;0;0;0;0;0;0;0;0;0;0;0;0;0;0;0;0;0;0;0;0;0;0;0;0;0;0;0;0;0;0;0;0;0
