Labornummer Tübingen;Profil_2;Horizont_43;Tiefe_44;Horizontbezeichnung_45;East_84;North_85;Neigung_16;Expozition_17;Corg;CaCO3;Ca ;Mg ;K ;Na;Kationen ;KAKpot ;KAKpot 2;gS;mS ;fS;S;gU;mU;fU;U;gT;mT+fT ; T ;S+U+T;Bodenart
[];[];[];[cm];[];[];[];[ % ];[];[%];[%];[mmol/kg];[mmol/kg];[mmol/kg];[mmol/kg];[mmol/kg];[mmol/kg];[cmol/kg];[%];[%];[%];[%];[%];[%];[%];[%];[%];[%];[%];[%];[]
50300;2;1;5;Aeh ;498818;5380428;0;99999,99;3,99;0;20,56;3,79;1,12;0,50;25,46;110,85;11,08;40,86;27,71;10,97;79,50;3,40;5,60;4,00;13,00;3,60;3,70;7,30;99,80;Sl2
50301;2;2;26;Bv;498818;5380428;0;99999,99;0,13;0;0,05;0,41;0,25;0,50;0,50;33,14;3,31;57,34;19,04;6,72;83,10;2,50;3,50;3,30;9,30;3,40;4,10;7,50;99,90;St2
50302;2;3;40;II Bv;498818;5380428;0;99999,99;0,70;0;0,05;0,10;0,25;0,50;0,50;49,16;4,92;33,65;30,71;10,37;74,72;3,70;6,10;5,30;15,10;4,30;5,70;10,00;99,82;Sl3
50303;2;4;58;III Sd-P-lCv;498818;5380428;0;99999,99;0,14;0;58,55;40,37;2,14;0,50;101,07;143,74;14,37;21,17;23,79;9,44;54,40;1,50;2,20;2,50;6,20;4,20;35,10;39,30;99,90;Ts3
50304;2;5;90;III lCv;498818;5380428;0;99999,99;0,12;0;122,43;75;0,25;0,50;197,43;212,45;21,24;8;7,28;10,78;26,06;3,90;9,30;14,70;27,90;14,20;31,80;46,00;99,96;Tl
50305;2;6;100;IV elCn;498818;5380428;0;99999,99;0,04;0,81;143,19;77,98;0,25;0,50;221,17;221,25;22,13;5,90;3,40;5,70;15,00;3,50;13,60;19,60;36,70;17,20;30,40;47,60;99,30;Tu2
50315;5;1;5;Ah;498795;5380779;1;E;4,69;0;9,59;2,49;0,64;0,50;12,71;152,26;15,23;16,61;32,35;13,49;62,50;5,10;6,10;6,70;17,90;6,60;13,20;19,80;100,20;Ls4
50316;5;2;20;Bv;498795;5380779;1;E;0,91;0;7,09;2,55;0,25;0,50;9,64;86,33;8,63;18,78;26,12;12,39;57,30;4,50;6,20;8;18,70;7,80;16,40;24,20;100,20;Ls4
50317;5;3;47;II Swd-P-Bv;498795;5380779;1;E;0,44;0;128,22;27,04;0,25;0,50;155,26;207,79;20,78;2,41;26,98;4,74;34,13;1,70;2,50;4,30;8,50;8,10;49,10;57,20;99,83;Ts2
50318;5;4;68;II elCv;498795;5380779;1;E;0,19;15,49;110,27;17,20;0,25;0,50;128,21;127,47;12,75;7,72;25,86;10,98;44,56;4,80;7,00;8,00;19,80;8,70;26,80;35,50;99,86;Lts
50319;5;5;100;III elCv;498795;5380779;1;E;0,19;19,61;89,33;15,77;0,25;0,50;105,85;105,10;10,51;16,94;22,63;14,08;53,65;3,50;5,90;7,70;17,10;7,60;21,20;28,80;99,55;Lts
50341;11;1;5;Ah;499633;5380356;2;E;4,27;0;4,25;3,55;2,10;0,50;9,90;147,27;14,73;8,64;12,81;7,55;29,00;16,40;24,50;11,30;52,20;7,80;11,00;18,80;100,00;Lu
50342;11;2;25;Al;499633;5380356;2;E;0,81;0;0,05;0,10;0,25;0,50;0,50;66,02;6,60;7,92;12,80;7,22;27,94;15,10;24;12,40;51,50;7,90;12,90;20,80;100,24;Lu
50343;11;3;40;II Sw-Al+Bt;499633;5380356;2;E;0,35;0;3,14;1,56;0,25;0,50;4,70;91,33;9,13;9,33;11,28;5,95;26,55;13;21,10;11,40;45,50;7,60;20,30;27,90;99,95;Lt2
50344;11;4;114;II Sd-Bt;499633;5380356;2;E;0,18;0;45,57;28,39;1,24;0,50;75,20;153,18;15,32;4,03;7,31;4,30;15,64;10,30;16,90;8,70;35,90;7,30;41,30;48,60;100,14;Tu2
50358;15;1;3;Aeh,BK;499757;5380582;18;NE;3,53;0;14,73;0,36;0,77;0,50;15,86;122,78;12,28;23,44;27,92;15,04;66,40;7,30;9,00;5,20;21,50;3,90;8,00;11,90;99,80;Sl3
50359;15;2;30;Bv;499757;5380582;18;NE;0,80;0;1,35;0,10;0,25;0,50;1,35;56,14;5,61;18,48;27,68;16,50;62,65;6,70;9,20;6,60;22,50;5,10;9,70;14,80;99,95;Sl4
50360;15;3;35;Sw-Bv;499757;5380582;18;NE;0,22;0;4,14;0,53;0,51;0,50;5,17;38,21;3,82;25,73;24,41;15,72;65,86;5,80;7,40;5,70;18,90;5,20;10,00;15,20;99,96;Sl4
50361;15;4;55;II Sd-Pv;499757;5380582;18;NE;0,24;0;66,63;12,54;0,86;0,50;80,03;202,83;20,28;1,58;3,86;19,80;25,24;6,20;6,10;7,20;19,50;10,80;44,30;55,10;99,84;Tl
50362;15;5;73;II lCv-P;499757;5380582;18;NE;0,11;0;90,88;18,07;1,28;0,50;110,23;144,17;14,42;1,85;12,03;38,67;52,55;4,40;4,50;3,90;12,80;4,50;30,40;34,90;100,25;Ts4
50363;15;6;92;II P-lCv;499757;5380582;18;NE;0,04;1,82;153,75;18,95;1,96;0,50;174,66;199,37;19,94;0,75;4,62;29,74;35,11;5,10;6,50;8,10;19,70;10,30;34,40;44,70;99,51;Lts
50369;17;1;9;Ah;500033;5381498;0;99999,99;8,14;0;252,27;79,94;3,14;0,50;335,36;429,67;42,97;0,33;2,19;11,23;13,70;8,10;14,00;16,10;38,20;10,70;36,70;47,40;99,30;Tu2
50370;17;2;18;aM;500033;5381498;0;99999,99;3,34;0;176,81;69,72;0,25;0,50;246,53;330,01;33;0,26;1,88;12,66;14,80;9,60;14,00;13,00;36,60;9,70;39,40;49,10;100,50;Tu2
50371;17;3;86;Go;500033;5381498;0;99999,99;1,06;0;125,11;60,83;0,25;0,50;185,94;232,19;23,22;0,47;4,43;17,41;22,30;9,20;13,10;11,80;34,10;10,60;32,90;43,50;99,90;Lt3
50372;17;4;100;Gor;500033;5381498;0;99999,99;0,57;0;99,05;57,35;0,25;0,50;156,40;182,20;18,22;1,24;10,09;13,67;25,00;9,90;10,80;10,20;30,90;8,80;35,00;43,80;99,70;Lt3
50430;31;1;6;Ah;498196;5381315;1;E;8,29;0;307,05;108,30;2,38;0,50;417,73;498,79;49,88;0,88;3,25;3,25;7,40;4,70;13,10;16,10;33,90;10,80;47,80;58,60;99,90;Tu2
50431;31;2;16;aM;498196;5381315;1;E;4,02;0;244,08;98,82;0,25;0,50;342,90;423,78;42,38;0,46;3,27;3,88;7,60;4,10;10,40;12,40;26,90;10,40;54,90;65,30;99,80;Tt
50432;31;3;45;Gor;498196;5381315;1;E;1,13;0;140,68;72,37;0,25;0,50;213,05;264,01;26,40;0,78;2,69;5,10;8,60;5,60;13,20;15,20;34,00;12,10;45,00;57,10;99,70;Tu2
50433;31;4;100;II Gor;498196;5381315;1;E;0,41;0;89,67;52,19;0,25;0,50;141,87;168,79;16,88;5,65;11,43;9,39;26,50;5,70;11,40;13,80;30,90;12,30;30,20;42,50;99,90;Lt3
50434;32;1;4;Ah;498367;5381617;1;99999,99;4,78;0;36,27;9,27;2,65;0,50;48,20;134,50;13,45;27,23;29,08;11,47;67,80;4,60;7,50;5,90;18,00;5,60;8,50;14,10;99,90;Sl4
50435;32;2;58;Bv;498367;5381617;1;99999,99;0,75;0;1,04;0,32;0,25;0,50;1,36;72,76;7,28;29,96;24,32;11,47;65,70;4,50;7,70;7,20;19,40;5,60;9,30;14,90;100,00;Sl4
50436;32;3;90;II lCv;498367;5381617;1;99999,99;0,15;0;45,06;48,51;0,25;0,50;93,56;147,65;14,76;99999;99999;99999;99999;99999;99999;99999;99999;99999;99999;99999;99999;99999
50466;39;1;3;Ah;500282;5380811;0;99999,99;9,67;0;18,69;2,05;1,17;0,50;21,91;249,45;24,95;2,39;9,80;56,83;69,00;7,40;10,70;4,50;22,60;1,80;6,60;8,40;100,00;Sl3
50467;39;2;20;lCv;500282;5380811;0;99999,99;1,21;0;1,13;0,10;0,25;0,50;1,13;48,48;4,85;6,52;6,10;24,87;72,49;7,90;10,20;4,80;22,90;2,40;2,40;4,80;100,19;Su2
50477;42;1;2;Ah;500136;5381007;17;NW;6,78;0;178,58;16,71;2,25;0,50;197,54;274,41;27,44;1,49;4,76;11,07;17,30;11,30;25,10;20,70;57,10;10,10;15,30;25,40;99,80;Lu
50478;42;2;17;Bv;500136;5381007;17;NW;1,78;0;32,57;3,28;0,55;0,50;36,40;104,10;10,41;3,73;5,65;11,15;20,50;10,80;24,70;20,20;55,70;9,20;15,30;24,50;100,70;Lu
50526;42;3;40;II P1;500136;5381007;17;NW;0,47;0;131,88;20,92;0,25;0,50;152,80;265,42;26,54;0,37;1,09;2,42;3,88;3,80;11,30;12,30;27,40;12,70;55,50;68,20;99,48;Tt
50527;42;4;57;II P2;500136;5381007;17;NW;0,34;0;189,97;36,72;0,25;0,50;226,69;260,58;26,06;0,04;0,20;1,34;1,58;6,40;17,60;11,40;35,40;13,40;49,60;63,00;99,98;Tu2
50528;42;5;66;II P-elCv;500136;5381007;17;NW;0,34;19,34;193,87;33,54;0,25;0,50;228,16;227,42;22,74;5,20;2,80;2,44;10,43;3,40;14,30;20,00;37,70;14,10;37,40;51,50;99,63;Tu2
50529;42;6;90;III elCv;500136;5381007;17;NW;0,39;9,90;191,45;47,50;0,25;0,50;239,69;238,96;23,90;3,18;4,53;11,31;19,03;3,70;11,40;18,90;34,00;19,10;26,40;45,50;98,53;Tu2
50552;50;1;6;Ah;499619;5380742;2;SE;3,67;0;41,45;10,37;0,87;0,50;53,19;143,47;14,35;3,95;20,12;31,35;55,40;9,40;8,60;8,00;26,00;6,70;12,00;18,70;100,10;Ls4
50553;50;2;21;Sw;499619;5380742;2;SE;0,61;0;13,41;6,24;0,25;0,50;20,40;57,60;5,76;5,47;18,16;28,52;52,20;8,00;8,50;8,90;25,40;6,70;15,80;22,50;100,10;Ls4
50554;50;3;64;II Sd;499619;5380742;2;SE;0,39;0;72,79;66,79;0,25;0,50;140,33;180,64;18,06;0,36;2,80;16,97;20,10;5,80;5,80;10,80;22,40;12,50;44,90;57,40;99,90;Tl
50555;50;4;80;III lCv;499619;5380742;2;SE;0,17;3,87;73,08;66,77;0,25;0,50;140,60;139,86;13,99;99999;99999;99999;99999;99999;99999;99999;99999;99999;99999;99999;99999;99999
50556;50;5;90;III eCv1;499619;5380742;2;SE;0,09;2,32;73,81;58,26;0,25;0,50;132,83;132,09;13,21;99999;99999;99999;99999;99999;99999;99999;99999;99999;99999;99999;99999;99999
50557;50;6;98;III eCv2;499619;5380742;2;SE;8,64;0,40;99999;99999;99999;99999;99999;99999;99999;99999;99999;99999;99999;99999;99999;99999;99999;99999;99999;99999;99999;99999
50576;55;1;19;Ah;499770;5380933;1;W;2,58;0;56,73;12,04;0,94;0,50;69,71;155,33;15,53;6,64;21,41;22,50;50,54;6,10;10,60;10,80;27,50;8,80;13,40;22,20;100,24;Ls4
50577;55;2;29;Sw-Bv;499770;5380933;1;W;0,33;0;27,89;7,86;0,25;0,50;35,74;43;4,30;10,73;23,62;20,38;54,72;6,60;9,60;8,80;25,00;7,20;12,40;19,60;99,32;Ls4
50578;55;3;46;II Sd-Pv;499770;5380933;1;W;0,25;0;76,69;42,66;0,25;0,50;119,36;145,69;14,57;5,51;14,79;12,78;33,08;4,70;6,80;8,40;19,90;8;39,00;47,00;99,98;Tl
50579;55;4;72;II P-lCv;499770;5380933;1;W;0,18;0;95,56;66,96;0,25;0,50;162,51;186,85;18,68;6,02;13,99;10,78;30,80;3,20;7,40;9,70;20,30;7,40;40,90;48,30;99,40;Tl
50580;55;5;105;II lCv;499770;5380933;1;W;0,10;0,61;90,27;70,12;0,25;0,50;160,38;163,02;16,30;6,81;11,99;14,69;33,48;4,00;10,30;11,70;26,00;9,00;30,90;39,90;99,38;Lts
50614;63;1;7;Ah;499950;5380111;2;NE;2,99;0;21,40;2,69;1,04;0,50;25,13;132,40;13,24;4,88;10,22;7,98;23,08;14,10;29,30;14;57,40;7,20;12,50;19,70;100,18;Lu
50615;63;2;26;Al;499950;5380111;2;NE;0,77;0;5,59;0,86;0,25;0,50;6,45;62,02;6,20;6,43;10,85;6,48;23,76;16,80;27,50;12,80;57,10;7,40;12;19,40;100,26;Lu
50616;63;3;37;Sw-Al;499950;5380111;2;NE;0,26;0;8,68;1,83;0,68;0,50;11,19;59,91;5,99;5,65;10,68;5,80;22,12;15,60;24,90;12,40;52,90;6,80;18,60;25,40;100,42;Lu
50617;63;4;75;II Sw-Al+Bt;499950;5380111;2;NE;0,23;0;46,25;21,45;0,69;0,50;68,39;131,87;13,19;3,76;8,01;4,70;16,47;11,40;20,50;10,10;42,00;7,50;34,30;41,80;100,27;Lt3
50618;63;5;100;II Sd-Bt;499950;5380111;2;NE;0,17;0;83,73;41,59;0,94;0,50;126,26;185,19;18,52;2,56;8,39;4,95;15,90;11,90;17,70;8,40;38,00;6,30;39,50;45,80;99,70;Tu2
50630;66;1;2;Ah;500546;5380346;11;SW;8,04;0;23,78;4,27;1,15;0,50;29,20;244,03;24,40;3,85;5,69;26,63;36,20;11,30;24,10;13,10;48,50;4,60;11,10;15,70;100,40;Slu
50631;66;2;15;Bv;500546;5380346;11;SW;1,59;0;1,58;0,91;0,54;0,50;3,03;90,30;9,03;3,60;4,21;24,87;32,68;10,50;23,80;14,60;48,90;6,90;11,80;18,70;100,28;Ls2
50639;69;1;4;Ahe;500739;5380871;2;E;9,54;0;20,69;2,82;1,03;0,50;24,54;314,32;31,43;4,68;6,86;15,40;26,90;19,80;29,60;10,40;59,80;4,80;8,50;13,30;100,00;Uls
50640;69;2;45;Bv;500739;5380871;2;E;2,74;0;0,05;0,10;0,25;0,50;0,50;131,04;13,10;6,22;4,71;15,94;26,87;15;26,40;11,50;52,90;7,30;12,60;19,90;99,67;Lu
50643;71;1;6;Sw-Ah;500128;5382373;1;E;1,31;0;24,59;2,92;1,50;0,50;29,02;286,43;28,64;7,04;6,77;10,17;24,00;14,20;30,30;12,80;57,30;6,40;12,20;18,60;99,90;Lu
50644;71;2;26;Sw;500128;5382373;1;E;0,73;0;4,70;0,60;0,25;0,50;5,30;76,06;7,61;5,41;4,72;8,71;18,80;20,40;28,80;11,60;60,80;7,70;12,50;20,20;99,80;Lu
50645;71;3;47;Sdw;500128;5382373;1;E;0,24;0;10,02;6,46;0,25;0,50;16,48;91,29;9,13;4,39;5,01;7,87;17,30;18;25,70;10,90;54,60;7,00;21,40;28,40;100,30;Lu
50646;71;4;80;II Bt-Sd;500128;5382373;1;E;0,15;0;43,26;30,34;0,86;0,50;74,47;128,67;12,87;1,63;4,62;7,73;14,00;15,80;24,60;10,40;50,80;6,90;28,50;35,40;100,20;Tu3
50698;82;1;2;Ah;501175;5381964;0;99999,99;10,17;0;107,10;7,14;1,46;0,50;115,69;317,01;31,70;3,77;5,92;15,17;24,90;14,80;25,70;10,70;51,30;8,50;15,20;23,80;100,00;Lu
50699;82;2;6;Bv-Ah;501175;5381964;0;99999,99;3,80;0;20,62;0,31;0,25;0,50;20,93;165,95;16,59;5,89;6,30;17,29;29,50;16,40;22,80;10,70;49,90;8,70;11,90;20,60;100,00;Ls2
50700;82;3;29;Bv;501175;5381964;0;99999,99;1,90;0;4,67;0,10;0,25;0,50;4,67;107,62;10,76;6,12;6,17;17,31;29,60;14,80;23,30;11,20;49,30;7,10;14,30;21,40;100,30;Ls2
50942;92;1;3;Ahe;501765;5381184;1;E;2,21;0;6,05;0,10;0,25;0,50;6,05;72,22;7,22;1,26;41,38;38,09;80,70;4,60;7,70;4,00;16,30;2,00;1,10;3,10;100,10;Su2
50943;92;2;25;Ae;501765;5381184;1;E;1,67;0;2,12;0,10;0,25;0,50;2,12;46,12;4,61;0,90;37,01;43,80;81,70;4,60;6,70;4,00;15,30;1,60;1,50;3,10;100,10;Su2
50949;94;1;7;Ah;501667;5381080;20;SW;5,62;0;57,52;13,99;1,63;0,50;73,15;231,29;23,13;2,15;10,63;30,37;43,10;6,20;15,20;11,80;33,20;6,80;16,80;23,60;99,90;Ls3
50950;94;2;15;Bv;501667;5381080;20;SW;1,84;0;15,18;4;0,25;0,50;19,18;107,76;10,78;1,86;11,95;29,06;42,90;6,80;16,30;14,40;37,50;7,30;12,30;19,60;100,00;Ls3
50951;94;3;27;Sw-Bv;501667;5381080;20;SW;1,14;0;39,04;10,99;0,25;0,50;50,03;111,22;11,12;3,86;9,05;26,29;39,20;5,60;14,50;11,50;31,60;7,40;21,80;29,20;100,00;Lt2
50952;94;4;71;II Sd-Pv;501667;5381080;20;SW;0,70;0;148,93;45,33;0,25;0,50;194,25;282,94;28,29;0,40;3,85;10,67;14,90;2,20;6,00;6,70;14,90;8,00;62;70,00;99,80;Tt
50953;94;5;100;II Pv-elCv;501667;5381080;20;SW;0;18,41;194,27;70,77;0,25;0,50;265,78;265,04;26,50;2,75;2,86;5,61;11,20;2,80;12,30;20,40;35,50;20,10;32,90;53,00;99,70;Tu2
50707;102;1;2;Ah;500680;5381027;10;NE;3,12;0;39,43;7,18;2,36;0,50;48,97;150,32;15,03;4,42;5,48;9,85;19,80;17;26,50;12,20;55,70;7,80;16,80;24,60;100,10;Lu
50708;102;2;29;Bvh;500680;5381027;10;NE;1,85;0;23,46;2,75;0,92;0,50;27,12;107,27;10,73;6,19;6,44;11,84;24,47;14,80;26,90;13,70;55,40;7,70;13,20;20,90;100,77;Lu
50709;102;3;42;II Bv;500680;5381027;10;NE;0,53;0;10,18;1,94;0,64;0,50;12,77;79,26;7,93;3,66;5,29;10,47;19,41;15,90;26;12,40;54,30;7,60;18,40;26,00;99,71;Lu
50710;102;4;62;III Sdw-Bv;500680;5381027;10;NE;0,36;0;21,75;6,50;0,87;0,50;29,13;131,63;13,16;5,79;5,14;10,92;21,90;13;21,40;10,20;44,60;6,60;27,30;33,90;100,40;Lt2
50711;102;5;100;IV Sd-P;500680;5381027;10;NE;0,15;0;77,63;31,34;1,81;0,50;110,77;249,04;24,90;3,17;3,60;7,72;14,50;11,30;17,60;9,00;37,90;5,80;42,20;48,00;100,40;Tu2
50720;105;1;6;Ah;500875;5381271;28;NE;2,16;0;9,95;2,98;1,36;0,50;14,29;139,71;13,97;8,77;12,54;8,84;30,14;11,90;20,20;12,00;44,10;8,20;17,60;25,80;100,04;Lt2
50721;105;2;50;Bv;500875;5381271;28;NE;0,70;0;4,68;3,92;0,25;0,50;8,60;74,68;7,47;7,09;12,93;8,75;28,76;12,80;20,70;12,30;45,80;9,20;16,10;25,30;99,86;Lt2
50722;105;3;75;II P-lCv;500875;5381271;28;NE;0,27;0;42,91;47,35;0,25;0,50;90,26;147,20;14,72;2,62;8,69;7,04;18,30;10,10;16,60;10,30;37,00;8,10;36,60;44,70;100,00;Lt3
50723;105;4;100;III lCv;500875;5381271;28;NE;0,05;1,46;74,83;72,14;0,25;0,50;146,97;149,05;14,91;8,75;12,91;12,81;34,47;6,30;11,60;12,00;29,90;9,10;26,30;35,40;99,77;Lts
50728;107;1;5;Ah;501582;5379826;1;N;10,76;0;11,69;3,06;1,04;0,50;15,79;259,16;25,92;3,74;20,82;41,52;66,10;8,10;13,50;5,20;26,80;2,50;4,50;7,00;99,90;Su3
50729;107;2;20;Bv;501582;5379826;1;N;3,76;0;0,05;0,10;0,25;0,50;0,50;151,29;15,13;1,35;15,83;42,18;59,40;7,90;11,80;7,20;26,90;5,20;8,40;13,60;99,90;Sl4
50732;109;1;2;Aeh;501732;5380074;12;N;12,03;0;13,39;8,69;1,96;0,50;24,05;364,10;36,41;2,12;13,14;31,48;46,70;11,40;27,70;3,20;42,30;2,80;8,30;11,10;100,10;Slu
50733;109;2;3;Ae;501732;5380074;12;N;2,46;0;2,29;1,94;0,72;0,50;4,96;106,84;10,68;3,73;13,91;30,43;48,10;8,30;17,30;8,70;34,30;5,10;12,70;17,80;100,20;Ls3
50734;109;3;36;Bv-Sw;501732;5380074;12;N;0,65;0;1,76;1,53;0,25;0,50;3,29;57,02;5,70;1,86;16,57;30,17;48,60;9,20;15,70;7,60;32,50;4,20;14,30;18,50;99,60;Ls3
50735;109;4;58;II Sdw-Bv;501732;5380074;12;N;0,38;0;5,65;5,23;0,74;0,50;11,63;117,82;11,78;1,80;9,98;19,76;31,54;8,10;14,40;7,70;30,20;5,90;31,90;37,80;99,54;Lt3
50736;109;5;85;III Sd-Pv;501732;5380074;12;N;0,19;0;33,93;24,47;1,44;0,50;59,84;141,83;14,18;0,97;8,38;20,15;29,50;9,10;14,10;6,90;30,10;5,00;35,00;40,00;99,60;Lt3
50737;109;6;100;III P-lCv;501732;5380074;12;N;0,12;0;64,87;37,47;0,91;0,50;103,26;188,99;18,90;0,69;8,61;19,51;28,80;9,10;14,70;7,50;31,30;5,20;34,80;40,00;100,10;Lt3
50743;111;1;2;Ah;500268;5380502;17;SW;5,29;0;86,58;13,27;1,31;0,50;101,15;214,94;21,49;3,22;4,13;21,12;28,50;10,60;19,40;12,40;42,40;7,50;21,50;29,10;100,00;Lt2
50744;111;2;32;Bv;500268;5380502;17;SW;1,38;0;27,12;5,27;0,25;0,50;32,39;92,73;9,27;5,62;5,20;24,51;35,34;10,30;19,10;12,50;41,90;6,20;16,60;22,80;100,04;Ls2
50745;111;3;50;II Pv;500268;5380502;17;SW;1,32;0,74;202;50,54;0,25;0,50;252,54;298,61;29,86;1,59;1,63;5,46;8,70;3,30;9,70;10,30;23,30;9,30;58,50;67,80;99,80;Tt
50746;111;4;70;II elCv-P;500268;5380502;17;SW;1,82;5,58;189,58;52,48;0,25;0,50;242,82;242,07;24,21;4,23;2,96;6,60;13,80;4,60;10,20;12,40;27,20;10,20;49,30;59,50;100,50;Tl
50747;111;5;100;III elCv;500268;5380502;17;SW;0,39;11,10;193,37;67;0,25;0,50;261,12;260,37;26,04;3,49;1,69;3,78;8,97;3,90;9,10;12,70;25,70;10,80;54,30;65,10;99,77;Tt
50793;121;1;8;Ah;502365;5380468;1;SE;13,39;0;410,12;70,91;2,15;0,50;483,18;562,47;56,25;2,36;13,38;18,83;34,60;7,00;8,90;10,70;26,60;17,20;21,80;39,00;100,20;Lts
50794;121;2;19;aM-Go;502365;5380468;1;SE;4,99;0,55;227,72;44,22;1,28;0,50;273,22;304,50;30,45;5,29;13,47;21,63;40,40;7,40;9,20;9,20;25,80;7,60;26,20;33,80;100,00;Lts
50795;121;3;47;aGor;502365;5380468;1;SE;1,99;0,50;151,21;31;0,25;0,50;182,21;196,75;19,67;1,01;12,44;25,72;39,20;5,30;9,40;9,80;24,50;11,10;25,60;36,70;100,40;Lts
50796;121;4;86;aGr;502365;5380468;1;SE;0,65;0,67;68,86;14,23;1,10;0,50;84,69;84,20;8,42;20,37;24,35;25,14;69,80;3,30;4,40;5,30;13,00;5,20;12;17,20;100,00;St3
50816;126;1;6;Ahe;497967;5380808;1;N;11,62;0;34,85;6,87;1,35;0,50;43,07;447,82;44,78;15,88;28,66;12,94;57,50;6,30;15,90;5,80;28,00;3,90;10,90;14,80;100,30;Sl4
50817;126;2;13;Bvh;497967;5380808;1;N;1,66;0;0,05;0,10;0,25;0,50;0,50;93,68;9,37;16,46;28,74;14,77;60,00;4,50;8,00;7,70;20,20;5,30;14,30;19,60;99,80;Ls4
50818;126;3;23;Bv;497967;5380808;1;N;1,10;0;0,05;0,67;0,25;0,50;0,50;71,44;7,14;16,69;31,38;15,69;63,80;5;7,90;7,00;19,90;5,30;11,00;16,30;100,00;Sl4
50819;126;4;56;II B-Sw;497967;5380808;1;N;0,54;0;1,09;1,34;0,25;0,50;2,44;33,84;3,38;37,38;30,06;10,50;77,90;2,80;3,70;3,80;10,30;3,80;8,10;11,90;100,10;Sl3
50820;126;5;83;III Sd-lCv;497967;5380808;1;N;0,22;0;94,52;70,96;0,25;0,50;165,48;239,76;23,98;1,51;2,47;4,73;8,70;1,40;3,60;8,70;13,70;15,20;62,70;77,90;100,30;Tt
50821;126;6;100;III lCv;497967;5380808;1;N;0,11;0;103,70;76,75;0,25;0,50;180,45;212,03;21,20;0,76;3,63;10,52;14,90;2,60;7,80;14,30;24,70;19,60;40,90;60,50;100,10;Tl
50831;129;1;6;Ah;501177;5380084;1;E;3,96;0;1,20;0,64;0,25;0,50;1,84;169,63;16,96;7,02;5,33;18,61;31,00;15,40;21,20;9,60;46,20;5,40;17,70;23,10;100,30;Ls2
50832;129;2;22;Bv1;501177;5380084;1;E;1,60;0;0,05;0,10;0,25;0,50;0,50;115,65;11,57;8,49;5,22;18,81;32,50;14,80;21,80;11,80;48,40;7,30;12,20;19,50;100,40;Ls2
50833;129;3;33;Bv2;501177;5380084;1;E;0,41;0;0,05;0,44;0,25;0,50;0,50;73,61;7,36;16,52;7,17;25,59;49,30;10,20;14,10;8,00;32,30;5,50;13,20;18,70;100,30;Ls3
50834;129;4;54;II lCv;501177;5380084;1;E;0,14;0;1,34;1,31;0,25;0,50;2,66;56,46;5,65;22;7,19;37,79;67,00;5,90;7,00;4,90;17,80;3,40;11,60;15,00;99,80;Sl4
50835;130;1;14;Ah;500779;5380434;1;E;2,72;0;89,08;8,03;0,25;0,50;97,10;169,38;16,94;2,64;2,95;12,47;18,10;17,00;30,70;16,10;63,80;10,50;8,30;18,80;100,70;Lu
50836;130;2;32;Al;500779;5380434;1;E;0,63;0;45,81;2,84;0,25;0,50;48,65;80,94;8,09;5,04;2,58;10,61;18,20;19,00;27,70;12,20;58,90;8,20;15,10;23,30;100,40;Lu
50837;130;3;46;Al-Sw;500779;5380434;1;E;0,32;0;39,56;3,71;0,25;0,50;43,27;71,49;7,15;3,35;2,54;8,18;14,10;18,30;28,20;12,50;59,00;7,80;18,70;26,50;99,60;Lu
50838;130;4;55;II Bt-Sd;500779;5380434;1;E;0,30;0;67,11;9,75;0,92;0,50;77,78;115,47;11,55;5,34;3,81;14,36;23,50;13,20;19,40;8,60;41,20;6,50;29,10;35,60;100,30;Lt3
50839;130;5;73;II lCv;500779;5380434;1;E;0,05;0;43,19;8,13;1,06;0,50;52,38;68,24;6,82;13,64;6,27;48,10;68,02;3,80;4,10;2,80;10,70;2,50;19;21,50;100,22;St3
50854;134;1;10;Ah ;498331;5380660;30;E;2,97;0;52,11;13,94;0,25;0,50;66,05;132,42;13,24;23,23;15,04;17,05;55,30;8,00;11,10;8,40;27,50;6,30;10,80;17,20;100,00;Ls4
50855;134;2;35;Bv;498331;5380660;30;E;0,55;0;13,18;8,62;0,25;0,50;21,81;62,86;6,29;14,56;25,88;16,25;56,70;7,40;11,00;8,30;26,70;5,00;11,70;16,70;100,10;Sl4
50856;134;3;61;II Sdw-Bv;498331;5380660;30;E;0,31;0;21,87;19,37;0,25;0,50;41,24;81,87;8,19;11,29;20,97;15,41;47,70;7,40;12,40;10;29,80;7,00;15,60;22,60;100,10;Ls4
50857;134;4;80;II Sd-P;498331;5380660;30;E;0,28;0;32,13;31,55;0,25;0,50;63,68;207,86;20,79;6,79;20,49;15,59;42,90;6,50;10,00;9,30;25,80;7,40;24,10;31,50;100,20;Lts
50858;134;5;100;II P-lCv;498331;5380660;30;E;0,23;0;58,42;57,02;0,25;0,50;115,43;136,06;13,61;5,22;17,43;12,00;34,70;3,80;7,20;8,50;19,50;8,60;36,80;45,40;99,60;Tl
50859;135;1;6;Ah;498107;5380639;2;N;2,97;0;21,30;1,44;0,79;0,50;23,53;103,98;10,40;42,92;30,95;7,29;81,20;4,00;4,50;3,40;11,90;2,20;4,70;6,90;100,00;Sl2
50860;135;2;25;Bv;498107;5380639;2;N;0,64;0;2,74;0,10;0,25;0,50;2,74;33,04;3,30;40,78;31,74;7,36;79,90;4,20;4,80;3,70;12,70;1,80;5,40;7,20;99,80;Sl2
50861;135;3;50;II B-lCv;498107;5380639;2;N;0,16;0;4,94;0,27;0,25;0,50;5,21;16,82;1,68;51,12;28,91;5,64;85,70;2,70;3,20;2,70;8,60;2,00;3,20;5,20;99,50;St2
50862;135;4;90;III lCv;498107;5380639;2;N;0,28;0;151,55;49,26;0,25;0,50;200,82;253,64;25,36;4,03;4,96;2,96;12,00;3,80;6,40;7,90;18,10;11,10;58,80;69,90;100,00;Tt
50863;135;5;100;IV lC;498107;5380639;2;N;0,19;0;135,93;50,25;0,25;0,50;186,18;211,08;21,11;1,21;2,64;13,55;17,40;6,60;7,80;9,60;24,00;13,50;45,50;59,00;100,40;Tl
50872;138;1;3;Ah;499006;5382346;4;S;3,48;0;1,31;1,67;0,25;0,50;2,98;138,76;13,88;5,78;12,42;9,81;28,00;18,10;25,10;10,60;53,80;7,20;10,90;18,10;99,90;Lu
50873;138;2;27;Al;499006;5382346;4;S;0,21;0;1,09;1,31;0,25;0,50;2,39;75,62;7,56;6,90;13,90;9,18;30,00;16,30;24,50;10,90;51,70;6,10;12,40;18,50;100,20;Lu
50874;138;3;44;II Sw-Al+Bt;499006;5382346;4;S;0,22;0;15,61;7,35;0,25;0,50;22,96;90,82;9,08;5,45;11,37;8,00;24,80;14,40;21,30;10,30;46,00;6,40;22,60;29,00;99,80;Lt2
50875;138;4;65;II Sd-Bt;499006;5382346;4;S;0,21;0;68,01;31,75;0,58;0,50;100,34;171,23;17,12;4,56;8,05;6,32;18,90;11,30;17,10;8,00;36,40;6,10;38,10;44,20;99,50;Lt3
50876;138;5;100;III lCv;499006;5382346;4;S;0,20;0;83,33;41,10;1,13;0,50;125,56;197,45;19,74;1,12;4,21;4,61;9,90;14,10;20,50;9,10;43,70;8,20;38,30;46,50;100,10;Tu2
50979;144;1;9;Aeh;499241;5382136;5;S;4,73;0;11,89;2,39;0,25;0,50;14,27;172,65;17,26;3,68;14,91;24,72;43,30;13,50;16,90;9,60;40,00;5,10;11,60;16,70;100,00;Slu
50980;144;2;17;Bv;499241;5382136;5;S;1,77;0;1,55;0,10;3,32;0,50;4,87;106,87;10,69;4,48;14,22;22,50;41,20;12,00;18,00;10,80;40,80;7,40;10,70;18,10;100,10;Ls2
50981;144;3;36;Sw;499241;5382136;2;S;0,67;0;1,30;0,10;0,25;0,50;1,30;53,43;5,34;4,98;14,06;22,54;41,60;12,00;16,60;10,40;39,00;6,80;12,80;19,60;100,20;Ls3
50982;144;4;57;II P-Sd;499241;5382136;2;S;0,32;0;30,24;16,57;0,78;0,50;47,59;141,67;14,17;2,58;15,29;26,37;44,20;5,70;7,90;5,50;19,10;5,00;31,30;36,30;99,60;Lts
50983;144;5;98;III Cv;499241;5382136;2;S;0,12;0;51,90;26,91;1;0,50;79,82;110,14;11,01;3,97;18,46;33,06;55,50;5,80;6,90;5,30;18,00;4,60;21,50;26,10;99,60;Lts
51004;149;1;19;Ah;498797;5381814;5;S;4,52;0;109;58,77;0,25;0,50;167,77;265,77;26,58;4,51;12,36;12,74;29,60;7,60;10,00;10,50;28,10;8,50;33,30;41,80;99,50;Lts
51005;149;2;40;Go-M;498797;5381814;5;S;0,93;0;63,49;45,75;0,25;0,50;109,24;152,48;15,25;11;12,97;14,54;38,50;5,10;8,60;11,30;25,00;11,70;24,00;35,70;99,20;Lts
51006;149;3;71;Gr-M;498797;5381814;5;S;0,28;0;58,62;53,43;0,25;0,50;112,05;135,83;13,58;17,12;16,02;7,41;40,60;3,00;5,10;10,20;18,30;11,50;29,70;41,20;100,10;Lts
51007;149;4;100;II lCv;498797;5381814;5;S;0,23;0;64,59;58,54;3,02;0,50;126,15;143,04;14,30;10,73;16,92;11,42;39,10;4,90;7,60;10,10;22,60;9,50;29;38,50;100,20;Lts
51043;159;1;4;Ah;498882;5381304;20;SW;3,73;0;24,88;10,93;2,76;0,50;38,58;171,95;17,20;4,55;5,45;12,86;22,90;19,80;19,40;12,10;51,30;7,80;18,60;26,40;100,60;Lu
51044;159;2;34;Bv;498882;5381304;20;SW;0,65;0;3,11;4,81;0,80;0,50;8,71;72,15;7,22;5,52;6,54;12,80;24,90;18,50;18,90;12,60;50,00;10,00;15,00;25,00;99,90;Lu
51045;159;3;51;II P-Bv;498882;5381304;20;SW;0,43;0;56,50;60,14;0,25;0,50;116,63;183,63;18,36;3,13;4,83;5,83;13,80;9,30;14,60;9,20;33,10;7,30;45,60;52,90;99,80;Tu2
51046;159;4;66;II P;498882;5381304;20;SW;0,27;0;80,65;78,59;0,96;0,50;160,19;218,07;21,81;1,25;3,40;4,26;8,90;7,70;15,30;9,20;32,20;8,30;50;58,30;99,40;Tu2
51047;159;5;85;III lCv;498882;5381304;20;SW;0,18;0;84,34;82,31;0,25;0,50;167,67;202,72;20,27;2,73;5,38;6,02;14,10;8,40;14,60;9,70;32,70;8,00;44,50;52,50;99,30;Tu2
51068;164;1;4;Aeh;500991;5381663;45;SW;9,12;0;44,73;5,35;1,93;0,50;52,01;267,40;26,74;3,88;23,03;35,71;62,60;8,20;12,10;6,90;27,20;4,20;6;10,20;100,00;Sl3
51069;164;2;12;Bv;500991;5381663;45;SW;1,54;0;10,38;1,40;0,25;0,50;11,78;96,82;9,68;5,09;18,86;25,72;49,70;8,30;13,70;8,90;30,90;5,30;13,30;18,60;99,20;Ls3
51070;164;3;31;II Bv;500991;5381663;45;SW;0,59;0;7,32;1,73;0,60;0,50;9,65;33,34;3,33;14,07;21,62;26,42;62,10;6,70;9,90;6,70;23,30;4,40;10,50;14,90;100,30;Sl4
51071;164;4;75;III Pv;500991;5381663;45;SW;0,43;0;79,58;31,75;0,25;0,50;111,33;205,19;20,52;3,66;10,51;14,53;28,70;2,70;6,40;6,40;15,50;5,70;49,80;55,50;99,70;Tl
51102;171;1;6;Aeh;500031;5381634;4;S;5,04;0;21,86;7,42;2,28;0,50;31,56;189,80;18,98;4,07;3,96;30,62;38,60;16,50;16,50;11,10;44,10;7,70;9,80;17,50;100,20;Ls2
51103;171;2;20;Bv;500031;5381634;4;S;1,55;0;1,16;0,25;0,77;0,50;2,18;110,34;11,03;4,45;3,14;29,59;37,20;15,20;17;12;44,20;7,90;10,70;18,60;100,00;Ls2
51104;171;3;37;II Bv;500031;5381634;4;S;0,81;0;0,05;0,10;0,63;0,50;0,50;66,26;6,63;4,37;3,21;31,18;38,80;16,50;16,70;11,60;44,80;8,10;8,40;16,50;100,10;Slu
51105;171;4;81;III lCv;500031;5381634;4;S;0,14;0;5,57;13,96;1,89;0,50;21,42;68,12;6,81;1,27;3,24;59,15;63,70;9,20;8,20;6;23,40;4,10;9;13,10;100,20;Sl4
51106;171;5;95;III mCv;500031;5381634;4;S;0,13;0;5,33;21,23;2,21;0,50;28,77;73,51;7,35;0,18;3,38;63,23;66,80;7,70;7,50;5,20;20,40;3,80;9;12,80;100,00;Sl4
