"","ST167Q01IA","ST167Q02IA","ST167Q03IA","ST167Q04IA","ST167Q05IA"
"1",2,1,1,3,2
"2",4,1,5,2,1
"3",2,1,3,2,3
"4",3,1,2,2,4
"5",3,1,5,4,2
"6",1,1,1,1,4
"7",2,1,4,4,1
"8",1,3,4,3,1
"9",4,3,5,5,1
"10",3,5,5,5,4
"11",3,2,4,2,1
"12",1,3,4,1,1
"13",2,3,5,3,2
"14",2,1,2,2,1
"15",1,1,1,1,1
"16",1,1,4,2,2
"17",1,2,3,2,1
"18",1,1,5,1,1
"19",1,1,5,1,1
"20",2,2,2,3,1
"21",3,1,3,1,3
"22",2,2,5,1,1
"23",2,1,1,1,2
"24",1,3,1,1,1
"25",3,2,2,2,3
"26",NA,NA,NA,NA,NA
"27",2,3,2,3,3
"28",3,1,4,4,3
"29",2,1,1,1,1
"30",4,1,1,2,4
"31",3,1,1,1,1
"32",3,3,2,3,3
"33",1,1,2,2,3
"34",1,1,1,1,2
"35",2,1,2,3,4
"36",2,1,2,2,1
"37",4,1,1,4,5
"38",1,1,2,2,1
"39",4,1,4,3,3
"40",1,1,3,4,1
"41",NA,NA,NA,NA,NA
"42",1,1,4,1,1
"43",3,1,5,2,1
"44",3,1,1,4,2
"45",1,1,1,1,1
"46",2,2,1,1,4
"47",3,1,1,1,2
"48",4,1,5,5,2
"49",4,4,1,1,2
"50",2,2,2,1,1
"51",NA,NA,NA,NA,NA
"52",3,1,1,1,2
"53",4,1,2,2,5
"54",3,1,5,3,1
"55",2,1,2,1,3
"56",4,4,3,2,4
"57",2,1,3,2,1
"58",2,2,4,2,4
"59",2,2,2,3,1
"60",3,2,4,4,2
"61",3,1,1,3,1
"62",1,1,2,1,1
"63",4,1,2,1,4
"64",3,1,4,1,5
"65",1,1,1,2,1
"66",3,1,1,3,4
"67",2,1,1,1,1
"68",2,1,1,1,4
"69",2,2,2,3,5
"70",2,1,4,3,4
"71",1,1,1,1,1
"72",3,2,1,1,4
"73",2,1,2,1,2
"74",2,2,5,1,4
"75",2,1,1,1,1
"76",3,1,2,1,3
"77",1,1,1,1,1
"78",1,1,3,1,1
"79",2,2,1,1,3
"80",4,1,2,1,5
"81",3,1,3,1,3
"82",1,1,1,1,1
"83",3,1,4,1,3
"84",1,1,1,3,2
"85",4,3,3,2,3
"86",2,1,5,3,2
"87",4,1,2,2,4
"88",1,1,1,1,1
"89",1,2,1,1,1
"90",3,1,3,2,5
"91",3,4,4,5,4
"92",2,1,3,1,3
"93",2,1,1,1,4
"94",NA,NA,NA,NA,NA
"95",4,4,1,2,4
"96",1,1,1,1,1
"97",1,1,2,1,1
"98",4,4,4,5,1
"99",2,3,1,5,5
"100",1,1,1,1,1
"101",1,5,5,5,1
"102",3,1,5,2,4
"103",4,1,2,1,3
"104",2,1,2,1,1
"105",3,1,1,5,5
"106",2,1,1,1,2
"107",1,1,4,1,1
"108",4,1,1,2,3
"109",2,5,3,2,5
"110",5,2,3,3,5
"111",3,1,3,2,4
"112",1,2,1,1,1
"113",1,1,1,1,3
"114",3,4,3,4,5
"115",3,2,3,1,1
"116",3,3,3,3,3
"117",2,2,2,1,2
"118",1,1,1,1,1
"119",4,1,5,3,5
"120",2,1,4,4,3
"121",4,5,4,4,1
"122",3,3,2,4,5
"123",2,3,1,2,2
"124",2,2,1,1,2
"125",1,1,5,2,4
"126",3,NA,2,3,1
"127",1,1,1,1,2
"128",2,1,3,2,1
"129",4,1,2,4,5
"130",5,4,5,1,3
"131",2,1,3,1,2
"132",3,2,1,3,4
"133",3,2,3,3,4
"134",3,1,1,1,3
"135",2,1,2,1,2
"136",2,2,3,1,1
"137",2,1,5,4,3
"138",2,2,4,3,4
"139",4,1,2,1,4
"140",5,5,4,3,5
"141",1,1,4,2,3
"142",1,1,5,1,1
"143",5,1,5,3,4
"144",2,1,1,4,4
"145",4,3,2,1,5
"146",3,2,2,5,4
"147",2,1,3,1,1
"148",2,1,5,2,4
"149",4,2,2,3,5
"150",3,1,4,1,2
"151",4,4,4,4,1
"152",2,1,4,3,4
"153",3,1,5,4,4
"154",4,2,3,3,2
"155",4,1,1,1,3
"156",4,1,1,4,3
"157",3,1,1,2,5
"158",4,5,3,4,1
"159",3,2,5,3,2
"160",1,1,5,4,1
"161",2,1,1,1,1
"162",2,4,2,3,3
"163",3,1,1,4,2
"164",2,1,2,4,3
"165",3,2,2,2,2
"166",5,4,4,4,3
"167",1,4,4,1,1
"168",1,2,5,3,1
"169",3,2,4,4,5
"170",3,2,4,4,1
"171",1,1,1,1,4
"172",2,2,3,1,5
"173",3,2,4,4,2
"174",2,3,4,3,4
"175",4,1,1,1,3
"176",3,3,5,4,4
"177",1,1,2,1,4
"178",2,5,4,1,1
"179",4,3,5,4,3
"180",4,1,3,3,5
"181",1,1,4,1,1
"182",3,4,3,4,4
"183",4,4,4,4,3
"184",3,5,3,3,4
"185",3,1,2,2,5
"186",3,1,4,2,2
"187",1,1,1,1,5
"188",1,1,5,4,4
"189",3,2,1,2,1
"190",2,3,2,1,1
"191",2,1,2,2,4
"192",3,1,2,1,4
"193",3,3,4,4,3
"194",1,1,1,1,1
"195",2,2,3,5,2
"196",1,5,1,5,1
"197",1,1,1,1,1
"198",1,NA,1,1,1
"199",4,1,1,2,2
"200",3,3,5,4,1
"201",1,3,1,1,1
"202",1,1,1,1,1
"203",1,2,5,3,1
"204",1,1,1,2,2
"205",2,1,3,2,3
"206",3,5,5,3,4
"207",3,1,NA,3,2
"208",2,1,2,4,1
"209",1,1,1,1,1
"210",2,4,2,3,4
"211",1,1,1,1,1
"212",2,1,1,1,1
"213",2,1,1,1,1
"214",NA,NA,NA,NA,NA
"215",1,1,1,1,1
"216",NA,NA,NA,NA,NA
"217",1,4,5,3,1
"218",NA,NA,NA,NA,NA
"219",2,1,1,2,1
"220",3,1,2,2,2
"221",2,5,4,2,1
"222",2,2,5,4,1
"223",2,1,1,1,1
"224",5,5,5,5,5
"225",3,2,4,3,2
"226",NA,NA,NA,NA,NA
"227",2,2,2,5,2
"228",5,3,3,4,3
"229",1,NA,4,1,1
"230",4,1,3,1,1
"231",1,1,1,1,1
"232",2,2,3,2,3
"233",2,3,2,3,2
"234",2,2,2,1,2
"235",1,2,1,2,2
"236",3,2,3,2,2
"237",2,1,2,2,2
"238",1,1,3,4,1
"239",1,1,1,1,1
"240",2,2,2,2,1
"241",1,3,3,1,3
"242",2,2,2,1,3
"243",3,1,2,2,5
"244",2,1,3,1,2
"245",4,4,1,3,4
"246",3,3,5,3,4
"247",2,1,4,3,1
"248",2,2,4,1,3
"249",NA,NA,NA,NA,NA
"250",4,1,3,2,3
"251",NA,NA,NA,NA,NA
"252",NA,NA,NA,NA,NA
"253",3,3,1,1,1
"254",4,2,3,2,1
"255",1,1,1,3,3
"256",NA,NA,NA,NA,NA
"257",3,1,4,2,5
"258",2,1,5,1,1
"259",1,1,1,3,4
"260",2,5,5,5,5
"261",3,1,3,2,1
"262",5,1,1,4,5
"263",2,1,3,2,2
"264",NA,NA,NA,NA,NA
"265",1,1,3,3,4
"266",1,4,5,3,1
"267",1,1,5,2,2
"268",2,1,2,3,3
"269",2,2,2,4,5
"270",5,5,5,4,4
"271",3,4,5,2,1
"272",5,2,4,3,2
"273",4,3,2,1,4
"274",4,1,3,3,3
"275",NA,NA,NA,NA,NA
"276",1,1,1,3,1
"277",1,2,2,2,1
"278",4,3,3,2,2
"279",3,3,3,5,2
"280",4,4,4,1,1
"281",1,2,5,4,1
"282",1,1,1,1,4
"283",3,NA,4,2,4
"284",1,1,1,1,1
"285",3,1,1,4,3
"286",4,3,2,3,2
"287",2,NA,2,5,2
"288",1,1,2,2,1
"289",NA,NA,NA,NA,NA
"290",4,3,4,5,4
"291",1,4,1,4,2
"292",3,3,1,1,1
"293",2,1,1,2,2
"294",1,1,1,1,1
"295",3,2,4,2,3
"296",2,1,1,1,2
"297",1,2,2,2,1
"298",1,1,1,1,5
"299",3,3,2,1,1
"300",1,2,4,2,1
"301",3,1,1,1,1
"302",1,1,1,1,1
"303",4,3,1,3,1
"304",4,1,1,1,3
"305",1,1,2,1,2
"306",2,2,2,3,3
"307",4,4,2,4,1
"308",4,1,1,1,1
"309",4,2,1,1,5
"310",1,3,2,2,1
"311",2,4,3,2,2
"312",NA,NA,NA,NA,NA
"313",1,2,1,1,1
"314",1,1,1,1,4
"315",1,1,1,1,1
"316",2,1,1,1,1
"317",2,3,2,1,1
"318",2,1,2,3,5
"319",4,2,3,4,2
"320",4,1,1,4,4
"321",2,1,2,1,1
"322",4,1,4,3,1
"323",2,2,2,2,3
"324",1,1,2,3,2
"325",1,1,1,1,1
"326",1,1,1,1,1
"327",2,1,2,2,2
"328",4,3,5,3,3
"329",1,1,1,1,2
"330",1,4,4,1,1
"331",3,1,4,3,2
"332",3,1,2,1,3
"333",1,1,1,1,1
"334",5,5,2,2,1
"335",2,2,1,1,1
"336",1,4,5,5,1
"337",2,2,1,1,4
"338",4,1,4,3,3
"339",3,1,2,1,5
"340",1,1,1,1,1
"341",3,1,2,4,2
"342",1,1,1,1,NA
"343",2,1,2,1,1
"344",1,3,4,3,1
"345",1,1,1,1,1
"346",2,1,1,1,1
"347",1,1,1,1,1
"348",1,5,5,2,NA
"349",1,1,1,1,1
"350",4,1,4,4,5
"351",1,1,5,5,4
"352",3,3,1,1,3
"353",4,1,1,4,5
"354",2,1,1,1,1
"355",1,1,1,1,1
"356",1,1,2,1,3
"357",1,1,1,1,5
"358",3,1,1,4,4
"359",1,2,1,2,1
"360",2,2,2,1,3
"361",1,1,1,1,2
"362",3,2,1,4,3
"363",2,1,2,3,5
"364",1,1,5,3,2
"365",3,3,4,2,1
"366",2,2,2,4,3
"367",3,1,2,2,4
"368",4,2,4,2,2
"369",1,2,2,1,1
"370",4,4,3,1,4
"371",3,2,1,2,2
"372",1,1,3,2,2
"373",NA,NA,NA,NA,NA
"374",3,2,1,1,3
"375",4,1,1,1,1
"376",2,2,1,1,1
"377",5,1,4,4,3
"378",2,3,1,1,5
"379",3,1,2,1,3
"380",NA,NA,NA,NA,NA
"381",1,3,5,2,2
"382",2,3,3,2,1
"383",2,3,4,3,4
"384",2,1,4,1,1
"385",3,1,2,1,3
"386",1,2,2,1,1
"387",2,NA,4,3,3
"388",2,2,1,1,2
"389",2,1,1,2,1
"390",3,3,2,2,4
"391",2,2,4,1,1
"392",1,1,1,1,1
"393",NA,NA,NA,NA,NA
"394",2,1,5,2,5
"395",2,1,5,1,3
"396",2,1,1,1,3
"397",3,2,3,4,4
"398",4,4,2,3,4
"399",1,1,1,1,5
"400",2,3,5,2,3
"401",1,1,2,3,4
"402",NA,NA,NA,NA,NA
"403",2,4,5,2,1
"404",NA,NA,NA,NA,NA
"405",3,2,2,2,3
"406",NA,NA,NA,NA,NA
"407",1,4,2,5,4
"408",2,1,1,2,2
"409",1,1,1,2,1
"410",3,1,4,3,4
"411",5,5,4,5,5
"412",NA,NA,NA,NA,NA
"413",1,4,3,1,1
"414",3,1,3,1,1
"415",1,4,4,3,1
"416",1,1,1,1,1
"417",NA,NA,NA,NA,NA
"418",2,1,2,3,4
"419",4,1,3,1,3
"420",2,1,2,1,1
"421",4,4,4,4,5
"422",1,2,1,1,1
"423",4,1,3,1,4
"424",2,1,1,1,1
"425",2,2,1,1,1
"426",1,1,1,1,1
"427",NA,NA,NA,NA,NA
"428",NA,NA,NA,NA,NA
"429",NA,NA,NA,NA,NA
"430",3,5,5,3,1
"431",3,2,2,1,4
"432",1,2,2,1,1
"433",3,2,2,2,3
"434",4,1,1,5,2
"435",NA,NA,NA,NA,NA
"436",2,1,3,3,2
"437",4,1,1,1,3
"438",NA,NA,NA,NA,NA
"439",1,1,2,1,1
"440",1,1,1,1,3
"441",NA,NA,NA,NA,NA
"442",2,1,2,2,4
"443",NA,NA,NA,NA,NA
"444",2,2,2,5,2
"445",NA,NA,NA,NA,NA
"446",NA,NA,NA,NA,NA
"447",NA,NA,NA,NA,NA
"448",NA,NA,NA,NA,NA
"449",NA,NA,NA,NA,NA
"450",NA,NA,NA,NA,NA
"451",NA,NA,NA,NA,NA
"452",NA,NA,NA,NA,NA
"453",NA,NA,NA,NA,NA
"454",1,1,2,2,1
"455",NA,NA,NA,NA,NA
"456",NA,NA,NA,NA,NA
"457",NA,NA,NA,NA,NA
"458",1,1,5,1,1
"459",NA,NA,NA,NA,NA
"460",NA,NA,NA,NA,NA
"461",NA,NA,NA,NA,NA
"462",NA,NA,NA,NA,NA
"463",NA,NA,NA,NA,NA
"464",1,2,5,3,1
"465",1,1,1,1,1
"466",4,4,5,2,3
"467",1,1,4,2,1
"468",3,3,2,3,1
"469",5,5,5,5,5
"470",2,1,4,2,2
"471",3,3,2,2,4
"472",1,1,4,1,1
"473",1,1,1,5,1
"474",1,5,1,1,1
"475",2,2,5,4,3
"476",3,2,5,4,3
"477",1,1,5,5,3
"478",3,5,3,1,1
"479",3,1,2,1,4
"480",1,1,3,2,1
"481",1,5,1,1,3
"482",2,NA,4,2,2
"483",2,2,2,3,2
"484",2,1,3,4,2
"485",4,1,1,1,2
"486",1,5,4,2,2
"487",2,1,2,1,1
"488",3,3,5,5,1
"489",1,1,1,1,1
"490",1,1,2,3,1
"491",NA,NA,NA,NA,NA
"492",2,1,4,1,2
"493",NA,NA,NA,NA,NA
"494",5,1,1,1,1
"495",NA,NA,NA,NA,NA
"496",1,1,1,2,3
"497",2,1,2,1,3
"498",3,2,2,3,1
"499",4,1,4,1,1
"500",1,1,1,1,1
"501",4,1,5,1,1
"502",NA,NA,NA,NA,NA
"503",NA,NA,NA,NA,NA
"504",4,3,5,4,2
"505",2,1,2,2,2
"506",NA,NA,NA,NA,NA
"507",2,1,2,4,5
"508",3,2,4,3,2
"509",2,1,1,1,1
"510",2,1,1,2,1
"511",NA,NA,NA,NA,NA
"512",2,2,1,1,1
"513",2,1,1,2,1
"514",NA,NA,NA,NA,NA
"515",NA,NA,NA,NA,NA
"516",3,1,1,4,2
"517",2,1,2,1,4
"518",3,3,1,3,2
"519",3,1,2,4,3
"520",2,2,2,1,3
"521",2,1,2,2,4
"522",1,3,1,2,5
"523",1,1,4,2,4
"524",4,2,2,2,4
"525",3,1,5,5,1
"526",3,2,2,4,4
"527",2,1,2,3,3
"528",2,2,2,2,2
"529",2,1,1,1,1
"530",2,2,3,1,4
"531",2,1,2,1,1
"532",1,1,2,1,1
"533",2,1,4,1,1
"534",2,1,5,3,2
"535",3,1,5,1,3
"536",2,1,2,4,2
"537",3,1,4,2,2
"538",1,1,1,1,1
"539",1,1,5,3,1
"540",3,2,4,1,1
"541",1,1,2,1,1
"542",1,1,1,4,1
"543",NA,NA,NA,NA,NA
"544",NA,NA,NA,NA,NA
"545",1,1,5,3,1
"546",4,2,1,4,3
"547",3,1,2,2,1
"548",2,1,4,1,4
"549",5,1,4,5,5
"550",2,2,1,1,2
"551",3,1,3,2,4
"552",NA,NA,NA,NA,NA
"553",2,4,3,2,1
"554",1,1,2,5,1
"555",1,2,1,5,3
"556",1,1,1,2,1
"557",3,1,1,1,1
"558",3,1,1,1,1
"559",3,4,3,5,5
"560",NA,NA,NA,NA,NA
"561",1,1,1,4,3
"562",2,1,5,2,2
"563",1,1,1,3,1
"564",3,1,1,3,3
"565",1,1,1,1,1
"566",1,1,1,3,4
"567",NA,NA,NA,NA,NA
"568",1,1,1,1,1
"569",5,4,5,5,5
"570",3,2,2,1,1
"571",3,2,1,1,3
"572",2,2,1,1,2
"573",2,1,3,2,1
"574",1,1,1,1,4
"575",3,3,1,1,1
"576",NA,NA,NA,NA,NA
"577",2,3,3,2,4
"578",2,2,4,1,1
"579",2,1,2,4,2
"580",4,4,1,1,4
"581",2,1,1,2,2
"582",1,1,1,1,1
"583",1,1,1,1,1
"584",1,1,1,1,1
"585",5,3,1,1,1
"586",2,2,2,4,1
"587",NA,NA,NA,NA,NA
"588",4,1,4,2,3
"589",NA,NA,NA,NA,NA
"590",3,1,3,4,1
"591",3,5,5,4,5
"592",1,1,1,4,1
"593",4,1,1,2,3
"594",2,2,1,1,1
"595",1,1,2,1,1
"596",1,1,1,1,1
"597",1,1,1,1,3
"598",4,1,1,4,3
"599",2,1,2,NA,2
"600",2,1,4,2,3
"601",NA,NA,NA,NA,NA
"602",3,5,1,1,1
"603",NA,NA,NA,NA,NA
"604",NA,NA,NA,NA,NA
"605",3,1,1,1,3
"606",NA,NA,NA,NA,NA
"607",2,2,1,1,4
"608",2,1,2,2,1
"609",NA,NA,NA,NA,NA
"610",NA,NA,NA,NA,NA
"611",3,1,5,3,1
"612",3,1,2,3,4
"613",4,4,2,2,4
"614",3,1,2,3,2
"615",NA,NA,NA,NA,NA
"616",NA,NA,NA,NA,NA
"617",NA,NA,NA,NA,NA
"618",2,1,1,2,1
"619",3,1,1,2,5
"620",3,1,2,2,4
"621",NA,NA,NA,NA,NA
"622",NA,NA,NA,NA,NA
"623",2,2,2,1,4
"624",NA,NA,NA,NA,NA
"625",2,1,1,3,4
"626",NA,NA,NA,NA,NA
"627",3,1,2,4,4
"628",3,4,5,3,1
"629",NA,NA,NA,NA,NA
"630",NA,NA,NA,NA,NA
"631",1,1,1,4,2
"632",NA,NA,NA,NA,NA
"633",NA,NA,NA,NA,NA
"634",3,1,3,2,1
"635",1,1,1,1,1
"636",NA,NA,NA,NA,NA
"637",NA,NA,NA,NA,NA
"638",1,1,4,1,2
"639",4,1,1,4,4
"640",NA,NA,NA,NA,NA
"641",NA,NA,NA,NA,NA
"642",NA,NA,NA,NA,NA
"643",NA,NA,NA,NA,NA
"644",NA,NA,NA,NA,NA
"645",NA,NA,NA,NA,NA
"646",2,1,4,3,4
"647",NA,NA,NA,NA,NA
"648",NA,NA,NA,NA,NA
"649",NA,NA,NA,NA,NA
"650",NA,NA,NA,NA,NA
"651",NA,NA,NA,NA,NA
"652",NA,NA,NA,NA,NA
"653",3,1,1,1,5
"654",3,1,1,1,1
"655",4,2,2,2,3
"656",1,1,1,1,3
"657",2,1,1,3,2
"658",NA,NA,NA,NA,NA
"659",4,1,1,1,4
"660",4,2,2,2,4
"661",3,2,1,2,2
"662",NA,NA,NA,NA,NA
"663",2,1,2,2,2
"664",1,5,1,5,1
"665",NA,NA,NA,NA,NA
"666",3,1,3,2,3
"667",2,1,2,2,2
"668",NA,NA,NA,NA,NA
"669",3,3,2,2,2
"670",NA,NA,NA,NA,NA
"671",5,5,5,5,4
"672",2,2,5,2,2
"673",3,2,3,4,5
"674",2,1,2,1,4
"675",3,1,1,4,4
"676",3,1,2,1,4
"677",1,1,1,1,1
"678",1,2,1,1,1
"679",NA,NA,NA,NA,NA
"680",4,5,5,1,1
"681",3,1,2,4,4
"682",NA,NA,NA,NA,NA
"683",4,1,4,1,1
"684",4,1,4,1,2
"685",4,3,3,3,3
"686",2,1,1,2,2
"687",3,3,1,4,3
"688",3,2,5,2,1
"689",1,1,1,1,1
"690",2,1,4,1,3
"691",3,2,2,5,5
"692",4,3,3,4,3
"693",4,1,1,1,4
"694",4,3,5,3,1
"695",1,1,4,2,1
"696",2,1,3,4,2
"697",1,1,1,1,1
"698",1,1,3,4,1
"699",4,1,1,4,3
"700",5,1,5,1,2
"701",2,4,4,1,1
"702",1,1,1,1,1
"703",2,2,5,2,1
"704",1,2,1,1,2
"705",2,1,1,2,3
"706",3,1,4,2,2
"707",1,1,2,3,1
"708",4,1,4,3,4
"709",1,1,1,2,2
"710",3,1,3,1,3
"711",4,3,2,1,3
"712",4,1,1,1,1
"713",3,5,1,1,2
"714",3,1,1,1,1
"715",3,1,5,2,4
"716",5,1,1,1,5
"717",5,2,4,1,1
"718",2,3,3,2,1
"719",4,1,1,1,3
"720",1,1,4,3,5
"721",4,2,3,5,5
"722",1,1,1,1,1
"723",3,2,2,4,4
"724",NA,NA,NA,NA,NA
"725",3,2,1,1,5
"726",3,4,4,1,5
"727",2,1,1,2,4
"728",3,1,5,2,4
"729",2,1,1,1,1
"730",1,4,4,2,3
"731",1,1,1,1,1
"732",4,1,1,1,1
"733",1,1,1,1,1
"734",3,1,1,1,4
"735",3,1,2,4,4
"736",5,5,5,5,5
"737",4,3,5,2,1
"738",NA,NA,NA,NA,NA
"739",1,5,5,1,1
"740",NA,NA,NA,NA,NA
"741",NA,NA,NA,NA,NA
"742",4,1,1,2,2
"743",NA,NA,NA,NA,NA
"744",1,1,1,1,1
"745",NA,NA,NA,NA,NA
"746",NA,NA,NA,NA,NA
"747",NA,NA,NA,NA,NA
"748",1,4,1,1,1
"749",NA,NA,NA,NA,NA
"750",4,3,2,2,5
"751",4,3,2,2,3
"752",3,2,1,1,3
"753",1,4,2,1,1
"754",3,3,2,2,1
"755",1,3,2,1,1
"756",5,5,3,5,5
"757",3,1,1,1,1
"758",2,1,3,2,5
"759",2,2,4,1,3
"760",2,1,3,1,2
"761",5,5,5,5,5
"762",2,2,2,2,4
"763",2,4,1,1,2
"764",2,2,2,2,3
"765",3,1,1,1,4
"766",4,1,5,2,2
"767",4,3,3,2,5
"768",1,NA,2,NA,NA
"769",4,2,3,2,2
"770",2,2,5,3,2
"771",2,1,3,1,1
"772",2,1,3,2,2
"773",4,4,3,1,4
"774",5,NA,1,1,5
"775",2,5,5,5,1
"776",1,1,1,1,3
"777",2,1,1,2,2
"778",2,2,3,3,1
"779",1,1,2,3,1
"780",1,1,4,3,2
"781",1,1,1,1,NA
"782",2,3,1,1,1
"783",3,2,3,1,1
"784",4,1,3,2,2
"785",1,1,2,4,2
"786",2,1,2,1,1
"787",1,1,1,1,1
"788",2,1,1,2,1
"789",3,1,1,1,5
"790",1,1,3,1,1
"791",2,1,1,1,1
"792",1,3,2,5,1
"793",2,2,1,1,2
"794",2,2,NA,3,3
"795",1,1,1,2,5
"796",1,2,2,1,1
"797",4,1,2,4,2
"798",4,1,1,4,2
"799",1,1,1,1,1
"800",2,2,4,5,5
"801",3,1,1,1,4
"802",2,2,2,3,4
"803",NA,NA,NA,NA,NA
"804",1,1,1,1,1
"805",1,1,1,1,1
"806",NA,NA,NA,NA,NA
"807",NA,NA,NA,NA,NA
"808",4,1,1,1,3
"809",2,2,4,1,1
"810",1,1,1,1,1
"811",2,1,1,3,3
"812",3,4,5,5,3
"813",NA,NA,NA,NA,NA
"814",NA,NA,NA,NA,NA
"815",3,1,5,2,3
"816",1,1,1,1,1
"817",1,NA,NA,NA,NA
"818",1,1,1,1,1
"819",NA,NA,NA,NA,NA
"820",4,4,5,1,1
"821",4,4,4,4,5
"822",NA,NA,NA,NA,NA
"823",NA,NA,NA,NA,NA
"824",NA,NA,NA,NA,NA
"825",1,1,1,1,1
"826",1,1,1,2,5
"827",1,2,2,2,1
"828",3,1,1,NA,3
"829",2,1,3,5,4
"830",NA,NA,NA,NA,NA
"831",NA,NA,NA,NA,NA
"832",3,3,1,3,5
"833",1,1,3,1,2
"834",NA,NA,NA,NA,NA
"835",NA,NA,NA,NA,NA
"836",3,1,1,1,1
"837",1,1,1,1,2
"838",2,1,1,1,2
"839",1,1,1,1,1
"840",5,4,3,5,4
"841",NA,NA,NA,NA,NA
"842",3,1,1,1,2
"843",5,1,1,1,5
"844",2,2,4,4,4
"845",NA,NA,NA,NA,NA
"846",1,1,1,1,1
"847",3,3,4,3,4
"848",2,2,2,2,5
"849",1,1,5,3,1
"850",3,1,4,1,3
"851",NA,NA,NA,NA,NA
"852",NA,NA,NA,NA,NA
"853",2,1,2,2,3
"854",1,1,1,1,1
"855",1,1,1,1,1
"856",NA,NA,NA,NA,NA
"857",2,2,3,1,4
"858",1,1,1,1,1
"859",1,1,5,1,1
"860",3,5,4,3,1
"861",5,5,5,5,5
"862",4,1,1,2,5
"863",4,4,5,3,3
"864",1,1,4,1,1
"865",4,1,1,5,4
"866",5,1,1,1,5
"867",2,2,4,2,1
"868",2,1,2,1,2
"869",5,3,1,2,5
"870",4,1,4,4,5
"871",2,1,1,1,4
"872",2,1,3,2,2
"873",1,1,1,NA,NA
"874",NA,NA,NA,NA,NA
"875",1,1,1,1,1
"876",1,1,1,1,1
"877",4,1,1,1,3
"878",2,1,1,1,4
"879",NA,NA,NA,NA,NA
"880",4,1,1,5,3
"881",NA,NA,NA,NA,NA
"882",NA,NA,NA,NA,NA
"883",3,2,3,2,4
"884",3,1,1,1,2
"885",1,1,3,1,1
"886",2,1,1,1,4
"887",2,2,2,2,4
"888",1,2,3,1,4
"889",1,2,4,1,1
"890",2,2,3,1,1
"891",4,3,5,2,4
"892",3,2,5,2,4
"893",4,3,5,2,4
"894",2,1,2,1,1
"895",3,1,1,3,4
"896",1,1,2,2,1
"897",1,2,2,1,1
"898",2,1,1,1,2
"899",2,1,3,2,3
"900",2,3,5,2,1
"901",1,1,1,5,1
"902",3,2,2,3,2
"903",1,1,2,2,1
"904",1,1,1,1,1
"905",1,1,5,2,2
"906",2,1,3,1,2
"907",1,1,2,1,2
"908",2,1,2,1,2
"909",1,1,1,1,1
"910",1,1,1,1,1
"911",1,1,1,1,1
"912",1,1,5,2,1
"913",4,1,2,2,1
"914",3,1,3,3,1
"915",1,1,3,4,3
"916",1,3,3,2,1
"917",1,1,5,5,1
"918",2,1,2,1,1
"919",1,2,2,1,1
"920",2,1,2,1,2
"921",1,1,1,1,1
"922",1,4,4,1,1
"923",3,3,2,1,1
"924",1,1,1,1,1
"925",1,1,1,1,1
"926",5,5,5,5,5
"927",NA,NA,NA,NA,NA
"928",NA,NA,NA,NA,NA
"929",1,1,1,4,1
"930",4,1,1,3,4
"931",1,1,2,2,1
"932",NA,NA,NA,NA,NA
"933",1,1,1,1,1
"934",2,1,2,1,1
"935",1,1,1,1,1
"936",2,4,1,2,2
"937",3,5,3,1,2
"938",2,2,1,2,1
"939",2,1,2,1,1
"940",4,1,3,1,1
"941",1,1,1,4,1
"942",2,1,1,1,3
"943",2,1,1,1,1
"944",3,2,2,3,2
"945",4,1,4,3,1
"946",5,3,4,3,3
"947",3,2,3,2,3
"948",2,1,1,1,4
"949",4,1,5,3,3
"950",3,1,4,2,2
"951",2,1,1,1,2
"952",1,2,5,3,1
"953",1,2,3,2,1
"954",1,4,3,2,1
"955",4,2,1,1,4
"956",3,2,4,3,3
"957",2,1,2,1,2
"958",4,1,4,1,1
"959",1,1,2,1,1
"960",2,1,3,1,5
"961",3,4,2,1,4
"962",1,2,5,1,1
"963",1,1,4,1,5
"964",4,1,2,2,4
"965",3,1,4,2,3
"966",2,1,2,1,1
"967",NA,NA,NA,NA,NA
"968",NA,NA,NA,NA,NA
"969",2,1,4,1,2
"970",2,1,5,4,1
"971",2,1,3,1,2
"972",4,1,1,1,4
"973",1,2,2,2,1
"974",NA,NA,NA,NA,NA
"975",4,2,1,1,2
"976",1,1,4,4,1
"977",NA,NA,NA,NA,NA
"978",2,1,3,1,3
"979",NA,NA,NA,NA,NA
"980",2,1,4,3,4
"981",3,5,4,2,1
"982",3,5,5,1,1
"983",3,5,4,3,1
"984",3,1,3,2,3
"985",4,1,1,2,3
"986",NA,NA,NA,NA,NA
"987",NA,NA,NA,NA,NA
"988",3,2,4,1,3
"989",3,1,5,2,4
"990",3,1,3,2,4
"991",2,1,2,3,4
"992",NA,NA,NA,NA,NA
"993",1,1,5,5,1
"994",4,1,1,4,5
"995",1,1,1,1,1
"996",NA,NA,NA,NA,NA
"997",NA,NA,NA,NA,NA
"998",4,2,2,4,4
"999",4,5,5,1,5
"1000",3,1,1,1,4
"1001",NA,2,2,NA,NA
"1002",1,1,3,1,2
"1003",1,3,1,2,4
"1004",2,1,2,2,4
"1005",1,1,1,1,1
"1006",1,1,4,1,1
"1007",NA,NA,NA,NA,NA
"1008",1,1,1,2,2
"1009",2,1,4,2,4
"1010",1,5,5,2,3
"1011",2,2,2,3,2
"1012",3,1,1,4,4
"1013",NA,NA,NA,NA,NA
"1014",2,1,2,4,2
"1015",1,1,2,1,4
"1016",4,1,4,1,1
"1017",1,1,2,4,1
"1018",2,1,2,3,1
"1019",1,1,2,1,4
"1020",1,2,3,2,4
"1021",2,1,4,2,4
"1022",4,1,3,2,2
"1023",3,2,3,5,4
"1024",2,2,5,1,1
"1025",3,2,2,4,4
"1026",4,1,2,4,5
"1027",3,1,4,3,5
"1028",4,1,3,2,3
"1029",1,1,1,4,5
"1030",2,NA,1,4,2
"1031",1,4,1,1,5
"1032",1,1,5,3,5
"1033",2,4,4,2,3
"1034",1,3,5,2,3
"1035",2,2,2,1,1
"1036",5,3,2,4,5
"1037",3,1,4,1,3
"1038",3,2,4,2,4
"1039",1,2,5,2,5
"1040",2,1,4,2,1
"1041",3,1,5,1,5
"1042",2,1,2,1,1
"1043",1,1,3,1,4
"1044",3,1,5,5,4
"1045",NA,NA,NA,NA,NA
"1046",3,1,1,1,2
"1047",4,2,2,1,1
"1048",3,1,4,2,1
"1049",3,1,2,2,1
"1050",2,1,1,2,1
"1051",3,2,5,1,3
"1052",3,4,3,2,4
"1053",NA,NA,NA,NA,NA
"1054",2,1,5,2,3
"1055",1,1,3,2,1
"1056",NA,NA,NA,NA,NA
"1057",2,1,2,2,3
"1058",1,1,2,1,1
"1059",3,1,4,1,1
"1060",NA,NA,NA,NA,NA
"1061",4,4,4,4,4
"1062",4,3,3,2,4
"1063",1,5,5,2,1
"1064",NA,NA,NA,NA,NA
"1065",2,1,2,3,4
"1066",2,4,4,4,2
"1067",2,1,5,2,1
"1068",2,1,2,1,4
"1069",3,1,1,3,4
"1070",2,1,2,2,3
"1071",2,1,5,3,4
"1072",NA,NA,NA,NA,NA
"1073",NA,NA,NA,NA,NA
"1074",3,1,1,1,2
"1075",4,1,1,1,1
"1076",3,1,5,1,2
"1077",1,1,1,1,1
"1078",NA,NA,NA,NA,NA
"1079",2,1,1,1,1
"1080",NA,NA,NA,NA,NA
"1081",1,1,1,1,1
"1082",2,2,1,3,1
"1083",2,1,1,1,1
"1084",5,1,1,5,3
"1085",NA,NA,NA,NA,NA
"1086",4,1,4,4,4
"1087",4,1,4,2,3
"1088",1,1,1,1,1
"1089",2,1,4,1,1
"1090",NA,NA,NA,NA,NA
"1091",3,1,1,1,1
"1092",1,1,2,1,1
"1093",2,1,1,1,1
"1094",2,3,1,2,2
"1095",3,2,1,1,2
"1096",1,1,1,4,1
"1097",1,1,1,1,1
"1098",2,3,1,2,2
"1099",3,1,1,1,1
"1100",NA,NA,NA,NA,NA
"1101",NA,NA,NA,NA,NA
"1102",2,1,1,4,1
"1103",2,1,1,1,3
"1104",2,1,5,1,1
"1105",2,1,1,2,2
"1106",2,1,2,1,2
"1107",2,1,1,1,2
"1108",2,1,5,2,1
"1109",3,1,1,2,1
"1110",2,3,1,1,3
"1111",3,2,3,1,4
"1112",2,3,5,1,2
"1113",2,1,2,5,1
"1114",1,2,4,1,1
"1115",2,2,1,2,2
"1116",1,1,5,3,4
"1117",3,1,4,2,5
"1118",1,1,1,1,1
"1119",2,1,1,1,5
"1120",2,1,1,2,4
"1121",3,3,2,1,1
"1122",4,1,1,2,4
"1123",3,1,1,2,4
"1124",4,4,4,1,5
"1125",3,1,1,4,5
"1126",4,3,4,2,3
"1127",4,1,1,1,4
"1128",5,1,2,2,1
"1129",2,1,2,4,3
"1130",4,1,2,5,2
"1131",3,1,2,2,4
"1132",3,1,1,2,4
"1133",1,2,2,2,1
"1134",1,1,1,1,1
"1135",3,2,4,2,3
"1136",1,1,1,1,1
"1137",2,2,5,1,4
"1138",3,1,1,1,2
"1139",2,2,2,5,1
"1140",2,1,1,1,1
"1141",2,1,5,4,3
"1142",NA,NA,NA,NA,NA
"1143",4,1,1,1,3
"1144",4,1,4,4,3
"1145",1,1,1,4,1
"1146",3,1,2,2,2
"1147",2,2,2,1,4
"1148",3,1,1,1,4
"1149",3,2,3,3,2
"1150",2,2,3,3,4
"1151",NA,NA,NA,NA,NA
"1152",1,1,1,1,3
"1153",2,1,3,1,5
"1154",2,5,5,5,1
"1155",2,1,5,5,1
"1156",3,1,2,1,5
"1157",2,2,5,3,4
"1158",4,3,4,2,1
"1159",1,1,1,1,5
"1160",2,2,2,2,5
"1161",NA,NA,NA,NA,NA
"1162",2,1,2,2,5
"1163",1,1,5,1,5
"1164",2,1,NA,1,2
"1165",2,2,5,3,2
"1166",4,2,1,1,4
"1167",3,1,3,1,1
"1168",2,1,4,2,1
"1169",1,1,3,2,4
"1170",2,1,3,2,2
"1171",2,1,4,1,2
"1172",2,2,4,5,5
"1173",2,4,5,5,5
"1174",1,2,4,3,1
"1175",2,1,2,3,1
"1176",1,1,1,1,2
"1177",NA,NA,NA,NA,NA
"1178",3,1,2,1,3
"1179",NA,NA,NA,NA,NA
"1180",1,4,1,1,5
"1181",4,1,4,3,4
"1182",3,4,3,3,2
"1183",2,4,3,1,5
"1184",NA,NA,NA,NA,NA
"1185",1,1,1,1,1
"1186",1,1,1,5,1
"1187",1,1,3,2,3
"1188",1,1,2,2,2
"1189",2,1,5,1,2
"1190",3,1,1,1,1
"1191",1,1,1,1,3
"1192",3,3,1,1,4
"1193",1,1,1,1,1
"1194",1,3,4,1,5
"1195",3,1,1,1,1
"1196",3,2,3,2,1
"1197",1,3,1,5,4
"1198",1,1,1,1,1
"1199",3,2,1,4,3
"1200",4,2,3,5,4
"1201",4,2,5,2,3
"1202",2,2,5,3,3
"1203",3,1,4,2,2
"1204",3,2,2,1,1
"1205",4,3,5,2,4
"1206",3,1,4,1,2
"1207",4,3,1,2,1
"1208",5,4,4,4,2
"1209",1,1,2,3,2
"1210",1,1,1,1,1
"1211",3,2,1,1,4
"1212",4,4,4,3,4
"1213",2,1,2,3,1
"1214",3,1,2,2,3
"1215",3,1,1,1,1
"1216",2,4,3,1,2
"1217",2,1,2,3,3
"1218",1,1,1,1,1
"1219",5,1,4,5,4
"1220",2,1,1,3,3
"1221",2,2,1,2,3
"1222",3,2,3,5,4
"1223",3,1,2,1,1
"1224",2,1,2,1,1
"1225",2,1,1,1,1
"1226",3,2,5,2,1
"1227",1,1,1,1,1
"1228",1,1,1,1,1
"1229",4,4,3,1,4
"1230",3,3,1,3,2
"1231",3,1,1,2,1
"1232",4,1,1,3,4
"1233",4,4,2,5,1
"1234",1,1,1,4,5
"1235",1,2,3,4,2
"1236",1,1,1,1,1
"1237",2,4,5,4,1
"1238",1,1,1,1,1
"1239",1,1,1,1,1
"1240",2,1,3,1,1
"1241",5,4,5,3,2
"1242",5,2,4,5,5
"1243",1,1,2,1,1
"1244",NA,NA,NA,NA,NA
"1245",3,1,1,5,4
"1246",1,1,2,2,1
"1247",4,3,4,5,5
"1248",1,1,2,2,1
"1249",1,1,1,1,3
"1250",NA,NA,NA,NA,NA
"1251",2,1,1,1,1
"1252",2,2,2,2,2
"1253",1,1,1,4,1
"1254",NA,NA,NA,NA,NA
"1255",5,5,5,5,5
"1256",1,2,3,4,5
"1257",1,1,1,1,1
"1258",1,1,1,1,1
"1259",1,2,3,4,5
"1260",2,1,1,1,2
"1261",4,4,4,4,4
"1262",1,5,5,1,1
"1263",3,1,4,1,5
"1264",1,1,1,1,1
"1265",3,4,2,4,4
"1266",1,1,1,4,4
"1267",1,2,2,1,2
"1268",NA,NA,NA,NA,NA
"1269",2,2,2,2,2
"1270",1,1,1,1,1
"1271",1,1,1,1,1
"1272",1,2,4,1,2
"1273",2,1,1,1,1
"1274",NA,NA,NA,NA,NA
"1275",2,4,2,1,1
"1276",3,1,1,3,3
"1277",NA,NA,NA,NA,NA
"1278",2,1,2,2,3
"1279",NA,NA,NA,NA,NA
"1280",1,3,2,1,1
"1281",2,2,4,1,2
"1282",3,2,4,2,3
"1283",2,1,2,1,1
"1284",NA,NA,NA,NA,NA
"1285",4,1,1,1,4
"1286",2,3,1,1,2
"1287",1,1,1,2,2
"1288",4,4,5,3,4
"1289",1,4,1,1,1
"1290",4,1,1,1,3
"1291",2,4,3,3,3
"1292",2,1,5,4,3
"1293",3,2,1,1,5
"1294",NA,NA,NA,NA,NA
"1295",1,3,3,2,1
"1296",1,1,1,2,1
"1297",NA,NA,NA,NA,NA
"1298",NA,NA,NA,NA,NA
"1299",NA,NA,NA,NA,NA
"1300",NA,NA,NA,NA,NA
"1301",NA,NA,NA,NA,NA
"1302",NA,NA,NA,NA,NA
"1303",NA,NA,NA,NA,NA
"1304",NA,NA,NA,NA,NA
"1305",NA,NA,NA,NA,NA
"1306",NA,NA,NA,NA,NA
"1307",NA,NA,NA,NA,NA
"1308",NA,NA,NA,NA,NA
"1309",NA,NA,NA,NA,NA
"1310",NA,NA,NA,NA,NA
"1311",NA,NA,NA,NA,NA
"1312",NA,NA,NA,NA,NA
"1313",NA,NA,NA,NA,NA
"1314",NA,NA,NA,NA,NA
"1315",NA,NA,NA,NA,NA
"1316",NA,NA,NA,NA,NA
"1317",NA,NA,NA,NA,NA
"1318",NA,NA,NA,NA,NA
"1319",NA,NA,NA,NA,NA
"1320",NA,NA,NA,NA,NA
"1321",NA,NA,NA,NA,NA
"1322",NA,NA,NA,NA,NA
"1323",NA,NA,NA,NA,NA
"1324",NA,NA,NA,NA,NA
"1325",2,1,2,4,3
"1326",2,1,1,1,5
"1327",2,1,2,1,1
"1328",1,1,1,1,1
"1329",NA,NA,NA,NA,NA
"1330",1,1,1,1,1
"1331",2,1,1,1,2
"1332",2,1,2,1,3
"1333",3,2,1,1,5
"1334",NA,NA,NA,NA,NA
"1335",NA,NA,NA,NA,NA
"1336",1,1,2,1,1
"1337",1,1,1,1,1
"1338",2,1,2,1,1
"1339",NA,NA,NA,NA,NA
"1340",3,1,1,1,3
"1341",2,1,2,1,1
"1342",NA,NA,NA,NA,NA
"1343",1,2,4,4,3
"1344",1,1,1,1,4
"1345",4,1,1,1,5
"1346",1,2,1,1,1
"1347",4,1,5,1,3
"1348",4,2,2,2,3
"1349",2,1,4,2,2
"1350",5,1,1,1,5
"1351",NA,NA,NA,NA,NA
"1352",1,2,3,1,1
"1353",5,1,1,1,5
"1354",3,1,3,5,3
"1355",2,2,2,2,2
"1356",1,1,4,1,3
"1357",2,2,2,2,1
"1358",4,1,1,1,1
"1359",1,1,1,1,1
"1360",1,4,1,3,3
"1361",5,3,3,3,5
"1362",1,1,1,1,1
"1363",2,1,1,1,1
"1364",1,2,2,2,2
"1365",4,2,4,4,1
"1366",1,4,1,2,1
"1367",3,4,2,4,4
"1368",3,2,5,3,4
"1369",1,1,1,1,2
"1370",1,2,2,1,1
"1371",3,3,4,3,2
"1372",1,1,1,1,1
"1373",1,1,1,1,1
"1374",4,3,5,4,4
"1375",3,1,1,1,3
"1376",2,1,1,5,1
"1377",1,2,2,1,1
"1378",1,1,2,3,1
"1379",2,5,5,5,1
"1380",2,2,1,1,2
"1381",1,1,1,5,1
"1382",1,4,4,4,3
"1383",4,1,1,5,4
"1384",2,2,4,2,5
"1385",1,1,1,1,1
"1386",1,1,1,1,3
"1387",3,3,3,3,2
"1388",2,1,1,1,5
"1389",3,1,4,1,2
"1390",4,1,2,2,5
"1391",1,1,3,1,1
"1392",2,2,1,2,5
"1393",1,1,1,1,1
"1394",4,1,1,2,4
"1395",4,4,1,1,1
"1396",1,1,5,1,1
"1397",2,1,2,1,3
"1398",1,1,1,1,1
"1399",3,1,1,2,5
"1400",1,2,4,1,1
"1401",1,1,1,1,1
"1402",4,1,1,1,5
"1403",2,1,1,1,1
"1404",NA,NA,NA,NA,NA
"1405",4,1,2,3,5
"1406",2,1,4,2,3
"1407",3,1,1,1,2
"1408",4,4,1,3,4
"1409",1,1,4,2,1
"1410",2,1,3,2,1
"1411",2,1,2,2,4
"1412",NA,NA,NA,NA,NA
"1413",3,5,5,3,1
"1414",4,1,2,2,3
"1415",NA,NA,NA,NA,NA
"1416",NA,NA,NA,NA,NA
"1417",NA,NA,NA,NA,NA
"1418",2,1,4,3,3
"1419",NA,NA,NA,NA,NA
"1420",NA,NA,NA,NA,NA
"1421",NA,NA,NA,NA,NA
"1422",1,2,4,2,1
"1423",3,5,4,4,1
"1424",NA,NA,NA,NA,NA
"1425",3,1,1,4,2
"1426",NA,NA,NA,NA,NA
"1427",NA,NA,NA,NA,NA
"1428",3,4,2,3,1
"1429",2,1,1,2,3
"1430",2,1,4,2,1
"1431",2,1,1,2,4
"1432",3,5,4,3,5
"1433",NA,NA,NA,NA,NA
"1434",2,1,3,2,1
"1435",NA,NA,NA,NA,NA
"1436",2,1,2,1,2
"1437",NA,NA,NA,NA,NA
"1438",1,1,5,1,4
"1439",NA,NA,NA,NA,NA
"1440",2,1,1,1,1
"1441",3,1,2,1,3
"1442",1,1,2,1,1
"1443",2,1,5,3,5
"1444",1,2,4,1,1
"1445",3,2,1,2,3
"1446",2,2,2,4,4
"1447",NA,NA,NA,NA,NA
"1448",2,2,3,4,4
"1449",NA,NA,NA,NA,NA
"1450",4,1,2,1,4
"1451",3,1,1,2,4
"1452",4,1,1,1,4
"1453",4,1,3,3,4
"1454",NA,NA,NA,NA,NA
"1455",3,1,2,2,5
"1456",5,1,2,3,4
"1457",4,2,2,3,5
"1458",4,1,3,2,4
"1459",1,1,5,1,1
"1460",3,2,4,2,3
"1461",3,2,5,2,5
"1462",1,2,5,2,1
"1463",NA,NA,NA,NA,NA
"1464",1,1,5,3,2
"1465",NA,NA,NA,NA,NA
"1466",2,1,4,1,3
"1467",3,1,3,3,2
"1468",3,1,5,3,5
"1469",4,4,2,3,4
"1470",3,4,5,5,1
"1471",NA,NA,NA,NA,NA
"1472",2,1,4,1,4
"1473",3,2,3,3,5
"1474",3,2,5,5,2
"1475",4,1,5,5,2
"1476",3,2,4,2,3
"1477",2,1,4,4,3
"1478",2,1,5,1,2
"1479",2,1,1,3,2
"1480",4,2,4,4,4
"1481",NA,NA,NA,NA,NA
"1482",NA,NA,NA,NA,NA
"1483",2,2,5,2,4
"1484",1,1,1,1,2
"1485",4,1,4,4,2
"1486",2,2,4,3,2
"1487",1,2,2,1,4
"1488",3,4,2,2,4
"1489",NA,NA,NA,NA,NA
"1490",NA,NA,NA,NA,NA
"1491",4,2,2,4,5
"1492",2,3,5,2,3
"1493",4,4,5,2,4
"1494",3,1,1,1,1
"1495",2,2,5,1,1
"1496",3,1,1,1,3
"1497",3,3,3,2,4
"1498",1,1,1,1,1
"1499",1,1,1,1,1
"1500",2,3,5,2,5
"1501",1,1,1,1,3
"1502",4,4,1,1,4
"1503",4,1,3,4,5
"1504",1,1,5,1,1
"1505",2,2,2,1,4
"1506",3,3,4,4,3
"1507",1,1,4,1,1
"1508",4,1,3,2,4
"1509",2,2,4,2,3
"1510",1,2,5,2,2
"1511",2,2,2,1,1
"1512",5,1,4,2,3
"1513",3,1,2,3,3
"1514",5,3,4,2,3
"1515",2,3,2,1,3
"1516",3,1,2,2,5
"1517",2,2,5,3,3
"1518",1,3,1,3,4
"1519",3,1,1,1,2
"1520",1,1,1,2,1
"1521",3,1,4,4,3
"1522",2,1,2,1,1
"1523",1,1,5,2,2
"1524",3,1,4,3,4
"1525",2,1,2,3,3
"1526",4,1,2,2,3
"1527",3,1,2,4,4
"1528",3,2,1,1,4
"1529",3,1,3,1,1
"1530",2,2,4,2,1
"1531",3,2,3,3,2
"1532",3,2,1,1,4
"1533",1,1,1,1,1
"1534",3,2,3,1,1
"1535",5,3,2,1,2
"1536",2,5,1,1,1
"1537",2,2,3,3,3
"1538",2,1,1,1,1
"1539",2,2,1,2,2
"1540",4,1,5,1,1
"1541",4,1,2,1,1
"1542",3,2,2,2,5
"1543",2,1,1,1,2
"1544",2,1,2,1,3
"1545",2,1,1,1,3
"1546",1,2,4,4,2
"1547",4,1,1,1,1
"1548",1,1,4,4,4
"1549",3,1,2,4,4
"1550",1,4,5,3,1
"1551",2,4,5,4,4
"1552",NA,NA,NA,NA,NA
"1553",NA,NA,NA,NA,NA
"1554",3,1,3,2,1
"1555",3,1,1,4,4
"1556",1,1,1,1,1
"1557",4,5,3,5,1
"1558",4,1,1,4,3
"1559",1,1,1,1,1
"1560",NA,NA,NA,NA,NA
"1561",2,1,1,1,1
"1562",1,1,5,2,5
"1563",NA,NA,NA,NA,NA
"1564",4,2,4,3,3
"1565",3,1,1,1,3
"1566",NA,NA,NA,NA,NA
"1567",4,4,2,2,1
"1568",2,3,1,1,2
"1569",NA,NA,NA,NA,NA
"1570",1,1,1,1,2
"1571",1,2,1,1,4
"1572",1,1,1,1,1
"1573",4,3,4,3,3
"1574",3,3,2,3,2
"1575",3,2,2,4,1
"1576",4,2,1,4,4
"1577",5,1,2,1,4
"1578",2,2,1,4,1
"1579",1,2,2,2,1
"1580",2,2,3,2,1
"1581",3,1,1,1,2
"1582",1,1,2,2,1
"1583",2,1,2,1,2
"1584",3,2,2,1,2
"1585",3,2,NA,1,4
"1586",1,1,5,1,1
"1587",4,1,3,4,2
"1588",4,2,1,1,4
"1589",2,1,1,1,3
"1590",2,1,4,2,1
"1591",5,1,5,1,5
"1592",1,1,1,1,1
"1593",2,1,4,1,1
"1594",1,1,3,3,3
"1595",1,4,1,1,1
"1596",2,3,1,2,2
"1597",3,2,2,2,2
"1598",1,1,5,3,1
"1599",3,2,3,4,1
"1600",1,1,5,1,1
"1601",2,2,2,3,2
"1602",2,2,2,4,2
"1603",3,1,4,2,1
"1604",1,1,4,5,4
"1605",3,3,2,3,4
"1606",2,1,1,1,3
"1607",2,3,5,3,4
"1608",3,3,3,3,2
"1609",1,2,1,1,1
"1610",4,1,4,2,4
"1611",3,1,5,4,3
"1612",2,1,1,1,2
"1613",NA,NA,NA,NA,NA
"1614",3,1,1,2,2
"1615",2,1,5,3,3
"1616",3,4,3,3,2
"1617",1,1,1,2,2
"1618",3,4,5,2,1
"1619",2,1,1,1,2
"1620",1,4,2,1,1
"1621",4,1,5,4,4
"1622",3,1,2,4,5
"1623",2,2,4,1,1
"1624",1,2,4,1,5
"1625",1,1,1,1,1
"1626",2,1,2,1,1
"1627",2,3,5,2,4
"1628",2,1,2,4,3
"1629",2,1,1,2,4
"1630",2,2,5,2,4
"1631",3,3,2,4,4
"1632",2,1,4,2,3
"1633",2,1,1,3,1
"1634",3,1,2,3,3
"1635",3,1,1,3,4
"1636",5,1,1,3,1
"1637",3,1,4,3,5
"1638",5,5,4,4,4
"1639",3,1,3,2,5
"1640",3,1,2,3,4
"1641",3,2,5,2,3
"1642",2,2,5,3,3
"1643",4,1,4,3,4
"1644",3,2,3,3,4
"1645",3,1,5,2,4
"1646",2,2,4,1,2
"1647",3,4,5,4,2
"1648",3,1,3,4,4
"1649",2,2,2,3,1
"1650",2,2,5,4,3
"1651",4,3,2,2,1
"1652",2,2,2,2,1
"1653",2,2,3,2,2
"1654",1,5,2,4,1
"1655",5,1,3,5,2
"1656",4,4,4,1,3
"1657",2,1,1,1,2
"1658",1,1,1,2,1
"1659",1,1,1,1,1
"1660",2,1,1,1,4
"1661",2,2,2,3,1
"1662",1,4,4,1,1
"1663",2,2,3,2,3
"1664",3,4,2,3,4
"1665",2,1,5,4,4
"1666",2,1,1,5,1
"1667",4,4,4,4,3
"1668",1,1,1,5,1
"1669",2,2,2,3,4
"1670",3,3,4,2,1
"1671",1,1,3,1,4
"1672",1,3,5,5,1
"1673",1,1,2,2,4
"1674",3,5,3,2,1
"1675",1,4,2,2,1
"1676",1,1,1,1,1
"1677",2,1,5,3,1
"1678",2,1,2,1,1
"1679",1,2,3,5,1
"1680",3,1,2,1,1
"1681",2,1,1,1,4
"1682",1,1,1,NA,NA
"1683",2,2,3,1,1
"1684",2,2,2,1,1
"1685",2,2,3,3,1
"1686",NA,NA,NA,NA,NA
"1687",2,3,4,3,1
"1688",2,2,1,1,1
"1689",3,5,4,4,3
"1690",3,2,3,4,4
"1691",2,3,4,4,2
"1692",3,1,1,1,1
"1693",4,1,2,3,3
"1694",2,1,2,1,4
"1695",2,1,1,1,2
"1696",NA,NA,NA,NA,NA
"1697",1,1,1,1,1
"1698",1,1,1,1,1
"1699",NA,NA,NA,NA,NA
"1700",NA,NA,NA,NA,NA
"1701",4,2,1,3,3
"1702",NA,NA,NA,NA,NA
"1703",2,2,2,2,2
"1704",4,2,1,3,3
"1705",NA,NA,NA,NA,NA
"1706",1,1,4,1,1
"1707",5,2,5,3,1
"1708",4,3,2,2,4
"1709",2,1,1,1,1
"1710",1,1,1,1,1
"1711",1,1,2,1,1
"1712",1,1,2,1,1
"1713",1,1,1,1,1
"1714",3,2,NA,NA,NA
"1715",2,3,NA,1,5
"1716",5,5,4,1,3
"1717",2,1,1,1,1
"1718",1,1,1,1,1
"1719",2,2,1,1,1
"1720",4,NA,NA,NA,NA
"1721",3,1,1,1,1
"1722",2,2,2,2,4
"1723",3,3,3,4,3
"1724",1,1,1,1,1
"1725",3,1,2,2,3
"1726",1,1,1,1,1
"1727",1,1,1,1,3
"1728",NA,NA,NA,NA,NA
"1729",2,1,3,2,3
"1730",2,2,2,2,2
"1731",3,1,1,3,2
"1732",NA,NA,NA,NA,NA
"1733",3,3,3,3,3
"1734",3,1,3,1,4
"1735",2,3,3,2,5
"1736",NA,NA,NA,NA,NA
"1737",1,1,1,1,1
"1738",2,1,1,1,2
"1739",1,1,1,1,1
"1740",2,1,1,1,1
"1741",1,1,1,1,1
"1742",NA,NA,NA,NA,4
"1743",1,4,1,1,2
"1744",3,2,3,4,1
"1745",2,2,1,1,2
"1746",2,4,4,1,1
"1747",3,1,2,4,3
"1748",1,1,1,1,1
"1749",3,3,1,1,2
"1750",1,1,1,1,1
"1751",4,1,1,1,1
"1752",1,1,1,1,1
"1753",1,1,1,1,1
"1754",3,3,NA,1,1
"1755",2,2,2,2,2
"1756",1,1,2,2,1
"1757",4,2,3,4,5
"1758",1,1,1,1,1
"1759",3,1,2,2,1
"1760",3,1,1,1,1
"1761",1,1,1,4,3
"1762",NA,NA,NA,NA,NA
"1763",2,2,2,2,1
"1764",1,1,1,1,1
"1765",2,2,2,2,3
"1766",1,1,1,1,1
"1767",4,5,1,1,4
"1768",NA,NA,NA,NA,NA
"1769",1,1,1,1,1
"1770",1,1,1,1,1
"1771",1,1,1,1,1
"1772",NA,NA,NA,NA,NA
"1773",1,1,1,1,1
"1774",3,1,3,5,1
"1775",2,3,2,4,3
"1776",3,2,5,1,1
"1777",4,4,2,4,1
"1778",1,2,2,3,1
"1779",3,2,4,2,2
"1780",3,2,2,4,2
"1781",3,1,1,3,4
"1782",1,1,2,1,1
"1783",1,1,1,3,1
"1784",1,1,4,2,1
"1785",2,1,4,1,1
"1786",4,1,1,4,1
"1787",3,3,3,4,1
"1788",1,1,3,1,1
"1789",1,2,3,3,1
"1790",1,1,1,1,1
"1791",3,3,1,3,2
"1792",1,1,1,1,1
"1793",4,2,5,2,1
"1794",1,1,1,1,1
"1795",2,1,3,4,1
"1796",1,1,3,2,1
"1797",1,1,3,1,2
"1798",1,1,1,3,1
"1799",2,1,5,2,1
"1800",1,1,4,1,1
"1801",1,2,2,3,1
"1802",2,1,4,3,1
"1803",1,1,4,2,1
"1804",1,5,5,1,1
"1805",NA,NA,NA,NA,NA
"1806",3,2,5,3,3
"1807",4,2,2,1,4
"1808",3,2,3,3,1
"1809",3,1,2,4,4
"1810",1,1,1,1,4
"1811",3,1,5,4,1
"1812",4,1,3,5,5
"1813",2,1,1,5,3
"1814",1,2,1,1,3
"1815",1,1,4,5,1
"1816",3,1,1,5,4
"1817",2,1,1,1,5
"1818",2,1,1,1,3
"1819",1,1,5,3,1
"1820",3,1,4,2,3
"1821",4,3,3,1,2
"1822",4,1,5,1,4
"1823",2,1,1,1,2
"1824",2,1,1,1,4
"1825",2,2,4,4,2
"1826",3,5,4,4,1
"1827",3,3,1,1,1
"1828",2,5,3,1,1
"1829",2,1,2,2,1
"1830",4,1,2,3,1
"1831",4,1,5,3,2
"1832",1,1,1,1,1
"1833",2,1,2,2,1
"1834",3,1,5,4,4
"1835",1,5,1,1,1
"1836",1,2,3,1,1
"1837",1,1,3,1,1
"1838",1,1,1,1,1
"1839",3,1,1,3,2
"1840",1,1,5,2,2
"1841",1,1,1,1,1
"1842",2,1,1,1,4
"1843",NA,NA,NA,NA,NA
"1844",3,3,2,2,2
"1845",3,1,2,2,3
"1846",2,1,3,1,1
"1847",1,1,2,3,1
"1848",1,1,1,1,1
"1849",3,3,3,3,1
"1850",3,1,2,2,1
"1851",3,1,2,4,5
"1852",1,1,1,1,1
"1853",3,1,4,4,4
"1854",5,5,4,5,5
"1855",NA,NA,NA,NA,NA
"1856",2,2,2,2,4
"1857",2,2,2,3,1
"1858",1,1,1,2,1
"1859",1,1,1,1,2
"1860",2,2,2,3,2
"1861",4,4,2,4,3
"1862",3,3,3,4,5
"1863",1,4,1,1,1
"1864",2,2,3,4,4
"1865",1,1,1,1,1
"1866",2,1,5,3,2
"1867",1,1,1,1,1
"1868",1,1,1,1,1
"1869",4,2,4,2,2
"1870",1,1,1,1,1
"1871",1,1,1,1,1
"1872",3,3,2,2,2
"1873",1,1,1,1,3
"1874",2,1,2,2,3
"1875",2,1,2,3,1
"1876",5,1,1,1,1
"1877",2,1,4,2,2
"1878",2,1,1,1,1
"1879",3,1,1,2,4
"1880",3,1,1,1,4
"1881",2,1,1,1,3
"1882",4,2,1,3,4
"1883",2,1,5,1,5
"1884",1,1,1,5,1
"1885",4,1,5,4,5
"1886",2,2,1,1,2
"1887",3,1,2,5,2
"1888",3,4,1,3,3
"1889",2,3,2,1,1
"1890",3,1,5,2,3
"1891",1,1,NA,4,1
"1892",1,1,1,1,4
"1893",2,4,1,2,1
"1894",1,1,1,1,1
"1895",1,1,1,1,1
"1896",1,2,2,2,3
"1897",1,1,1,2,2
"1898",1,1,1,1,1
"1899",1,1,1,1,1
"1900",2,1,1,1,3
"1901",1,1,2,1,3
"1902",2,3,1,1,1
"1903",1,1,1,1,5
"1904",1,1,1,1,1
"1905",2,1,2,4,2
"1906",1,1,2,1,1
"1907",2,1,5,2,3
"1908",2,1,2,1,1
"1909",1,1,1,1,4
"1910",4,1,1,2,4
"1911",2,2,1,1,1
"1912",2,2,2,1,1
"1913",1,1,1,1,1
"1914",1,2,1,1,2
"1915",1,1,4,2,2
"1916",1,4,2,2,1
"1917",3,1,1,1,3
"1918",2,2,4,3,1
"1919",1,1,1,1,1
"1920",2,1,2,2,1
"1921",2,1,1,1,1
"1922",1,1,1,1,1
"1923",NA,NA,NA,NA,NA
"1924",1,1,1,1,1
"1925",1,1,1,1,1
"1926",3,4,4,3,2
"1927",3,1,2,3,1
"1928",4,3,2,4,4
"1929",1,2,5,5,1
"1930",1,1,2,4,1
"1931",1,4,3,1,1
"1932",NA,NA,NA,NA,NA
"1933",4,1,5,5,4
"1934",2,1,1,2,1
"1935",2,1,2,2,1
"1936",4,3,2,3,5
"1937",1,4,5,4,3
"1938",4,1,2,4,4
"1939",1,4,3,2,1
"1940",2,2,2,2,2
"1941",NA,NA,NA,NA,NA
"1942",4,1,3,1,1
"1943",NA,NA,NA,NA,NA
"1944",3,1,3,1,3
"1945",1,1,2,1,1
"1946",5,2,1,1,5
"1947",NA,NA,NA,NA,NA
"1948",4,1,1,5,4
"1949",1,3,1,3,5
"1950",1,1,5,1,1
"1951",2,2,1,1,3
"1952",3,1,4,2,1
"1953",1,1,1,2,3
"1954",1,1,5,1,1
"1955",2,2,1,2,2
"1956",1,1,1,4,1
"1957",2,1,2,2,2
"1958",1,1,1,1,1
"1959",4,3,2,3,4
"1960",2,1,2,2,2
"1961",1,1,4,1,1
"1962",4,1,1,4,5
"1963",1,1,1,1,5
"1964",2,2,1,1,1
"1965",1,1,1,1,1
"1966",1,1,1,1,1
"1967",NA,NA,NA,5,5
"1968",4,2,3,4,3
"1969",1,1,1,1,1
"1970",1,1,1,1,1
"1971",4,NA,3,3,2
"1972",3,2,2,4,2
"1973",3,1,1,1,3
"1974",1,1,2,1,1
"1975",3,1,5,4,4
"1976",2,2,2,1,1
"1977",1,2,1,1,5
"1978",2,1,3,2,3
"1979",2,2,2,2,2
"1980",1,1,3,2,5
"1981",4,1,5,2,4
"1982",1,1,2,1,1
"1983",2,1,2,1,5
"1984",3,1,1,5,4
"1985",2,1,NA,2,3
"1986",2,3,3,2,1
"1987",4,4,4,5,4
"1988",3,4,5,2,3
"1989",3,4,1,4,1
"1990",5,2,2,5,5
"1991",2,2,1,3,5
"1992",2,2,3,4,5
"1993",2,1,2,2,2
"1994",1,1,1,2,2
"1995",3,2,2,2,4
"1996",2,2,1,5,2
"1997",4,1,4,1,4
"1998",4,1,2,1,4
"1999",1,1,3,1,2
"2000",2,2,5,2,3
"2001",1,1,2,1,1
"2002",4,2,5,1,1
"2003",3,1,4,4,5
"2004",3,4,2,3,2
"2005",3,1,1,1,5
"2006",1,1,1,1,1
"2007",3,1,1,1,5
"2008",1,2,1,4,1
"2009",1,1,1,1,1
"2010",4,1,2,2,4
"2011",1,1,1,2,2
"2012",1,4,2,3,1
"2013",1,1,1,1,1
"2014",1,5,5,1,1
"2015",2,1,1,2,NA
"2016",3,1,1,1,1
"2017",1,1,1,1,1
"2018",1,1,1,4,1
"2019",1,1,1,1,1
"2020",1,5,5,4,1
"2021",1,NA,1,1,1
"2022",1,1,1,1,1
"2023",4,4,1,3,1
"2024",2,4,1,1,1
"2025",4,2,1,1,4
"2026",3,4,4,2,1
"2027",4,NA,NA,NA,NA
"2028",1,1,2,1,2
"2029",1,2,1,4,1
"2030",1,2,2,2,1
"2031",2,3,1,1,2
"2032",1,4,1,1,1
"2033",2,1,1,2,5
"2034",1,1,1,2,1
"2035",5,2,5,4,3
"2036",2,2,2,1,4
"2037",3,3,2,4,5
"2038",3,1,1,1,2
"2039",3,1,4,5,4
"2040",1,1,1,1,1
"2041",4,5,2,2,3
"2042",3,3,3,3,3
"2043",NA,NA,NA,NA,NA
"2044",NA,NA,NA,NA,NA
"2045",NA,NA,NA,NA,NA
"2046",1,4,1,1,1
"2047",4,3,5,2,1
"2048",1,1,1,1,1
"2049",NA,NA,NA,NA,NA
"2050",2,1,1,1,2
"2051",NA,NA,NA,NA,NA
"2052",2,2,1,1,1
"2053",1,1,3,1,1
"2054",4,5,4,4,5
"2055",NA,NA,NA,NA,NA
"2056",3,2,3,3,3
"2057",4,1,1,1,5
"2058",3,2,4,2,4
"2059",1,1,1,1,1
"2060",2,2,1,1,3
"2061",4,1,1,2,5
"2062",1,1,1,2,1
"2063",1,1,1,3,4
"2064",1,5,5,5,1
"2065",2,1,1,4,5
"2066",NA,NA,NA,NA,NA
"2067",NA,NA,NA,NA,NA
"2068",3,1,1,1,1
"2069",NA,NA,NA,NA,NA
"2070",2,1,1,3,1
"2071",4,2,5,2,4
"2072",2,1,3,1,3
"2073",3,3,3,NA,NA
"2074",NA,NA,NA,NA,NA
"2075",3,4,4,2,2
"2076",1,3,5,2,3
"2077",NA,NA,NA,NA,NA
"2078",2,2,2,2,4
"2079",3,3,3,4,4
"2080",1,2,3,4,5
"2081",1,1,2,2,1
"2082",1,1,3,1,3
"2083",2,1,2,1,2
"2084",NA,NA,NA,NA,NA
"2085",2,5,4,4,3
"2086",NA,NA,NA,NA,NA
"2087",2,1,1,2,5
"2088",NA,NA,NA,NA,NA
"2089",1,1,1,1,3
"2090",NA,NA,NA,NA,NA
"2091",2,1,3,2,4
"2092",1,1,1,1,1
"2093",1,1,2,1,2
"2094",NA,NA,NA,NA,NA
"2095",2,1,1,4,3
"2096",3,1,4,1,1
"2097",NA,NA,NA,NA,NA
"2098",NA,NA,NA,NA,NA
"2099",3,1,1,1,4
"2100",NA,NA,NA,NA,NA
"2101",NA,NA,NA,NA,NA
"2102",2,1,1,1,1
"2103",1,1,4,5,5
"2104",1,1,1,1,1
"2105",1,1,5,1,1
"2106",2,1,2,4,3
"2107",1,1,1,1,1
"2108",5,2,5,5,5
"2109",4,2,2,1,4
"2110",2,1,1,1,4
"2111",1,1,1,1,4
"2112",1,1,1,1,1
"2113",3,1,1,1,1
"2114",3,1,5,1,2
"2115",NA,NA,NA,NA,NA
"2116",1,1,1,1,1
"2117",1,1,1,1,2
"2118",NA,NA,NA,NA,NA
"2119",3,1,1,1,4
"2120",4,4,4,4,5
"2121",2,1,2,5,1
"2122",3,4,3,2,1
"2123",2,1,5,5,2
"2124",1,1,2,2,2
"2125",2,2,2,1,1
"2126",3,2,2,5,3
"2127",3,2,3,5,3
"2128",1,1,1,1,3
"2129",2,1,1,2,1
"2130",1,1,4,2,3
"2131",3,1,1,1,3
"2132",1,3,4,2,1
"2133",4,1,4,3,1
"2134",3,5,5,3,3
"2135",4,1,2,2,4
"2136",1,1,1,1,1
"2137",4,2,5,3,4
"2138",1,1,1,1,1
"2139",3,1,1,1,1
"2140",3,1,1,1,3
"2141",NA,NA,NA,NA,NA
"2142",1,1,1,1,1
"2143",5,2,1,1,4
"2144",2,1,1,NA,2
"2145",3,1,3,2,3
"2146",1,1,2,1,1
"2147",1,1,5,1,1
"2148",1,2,1,2,1
"2149",3,5,5,3,3
"2150",2,1,1,2,1
"2151",3,1,1,3,3
"2152",1,1,2,1,1
"2153",4,3,4,2,1
"2154",2,1,2,1,1
"2155",NA,NA,NA,NA,NA
"2156",2,2,1,1,1
"2157",1,1,3,5,2
"2158",1,1,1,1,1
"2159",4,2,4,3,3
"2160",4,1,5,5,4
"2161",3,3,1,1,1
"2162",1,1,1,1,1
"2163",3,4,2,3,3
"2164",2,3,2,1,1
"2165",2,1,2,1,1
"2166",1,1,4,1,1
"2167",1,2,5,2,1
"2168",2,3,5,1,1
"2169",2,2,5,3,2
"2170",2,1,5,5,5
"2171",3,1,1,1,2
"2172",2,2,3,4,5
"2173",1,1,1,1,1
"2174",1,1,2,1,2
"2175",2,2,2,2,1
"2176",2,4,5,2,4
"2177",1,1,1,1,1
"2178",2,3,5,2,4
"2179",4,4,4,4,2
"2180",1,2,1,2,1
"2181",3,NA,3,3,3
"2182",3,1,5,5,1
"2183",1,1,1,1,1
"2184",1,1,4,1,1
"2185",2,4,2,1,3
"2186",3,1,3,1,4
"2187",2,4,4,2,1
"2188",4,1,1,1,5
"2189",1,2,3,5,3
"2190",1,1,1,3,1
"2191",2,4,2,1,4
"2192",3,3,3,3,3
"2193",1,1,3,2,1
"2194",3,4,5,4,1
"2195",3,1,3,1,1
"2196",2,3,3,4,4
"2197",4,2,4,2,3
"2198",2,3,5,1,2
"2199",2,NA,1,3,1
"2200",3,4,1,1,1
"2201",1,2,1,1,1
"2202",NA,NA,NA,NA,NA
"2203",NA,NA,NA,NA,NA
"2204",NA,NA,NA,NA,NA
"2205",1,1,1,1,1
"2206",1,1,1,1,1
"2207",4,1,2,1,1
"2208",1,1,1,1,1
"2209",1,1,1,1,1
"2210",NA,NA,NA,NA,NA
"2211",4,4,3,2,1
"2212",3,3,1,1,5
"2213",2,4,4,1,1
"2214",2,1,1,1,1
"2215",2,1,4,3,4
"2216",3,1,4,1,5
"2217",4,1,1,4,5
"2218",3,1,3,1,1
"2219",3,1,2,1,2
"2220",1,1,2,1,1
"2221",2,2,5,2,2
"2222",4,1,1,1,1
"2223",1,1,1,3,5
"2224",1,1,1,1,1
"2225",4,1,5,5,4
"2226",1,1,1,1,1
"2227",2,1,1,1,3
"2228",2,1,1,2,4
"2229",4,3,4,3,3
"2230",2,2,2,2,1
"2231",4,1,1,1,2
"2232",2,1,1,1,2
"2233",4,4,2,1,5
"2234",3,2,1,1,3
"2235",4,3,3,4,5
"2236",NA,NA,NA,NA,NA
"2237",1,1,1,1,1
"2238",2,2,2,2,2
"2239",4,1,1,1,1
"2240",1,2,3,1,1
"2241",3,2,1,2,3
"2242",2,2,1,1,3
"2243",NA,NA,NA,NA,NA
"2244",4,2,1,2,5
"2245",3,2,2,2,3
"2246",3,2,1,1,2
"2247",NA,NA,NA,NA,NA
"2248",2,1,1,1,4
"2249",2,2,2,2,1
"2250",3,1,2,2,1
"2251",5,1,1,3,5
"2252",1,1,5,2,1
"2253",3,1,1,1,4
"2254",1,1,1,1,1
"2255",NA,NA,NA,NA,NA
"2256",1,1,4,2,2
"2257",NA,NA,NA,NA,NA
"2258",4,1,1,1,3
"2259",1,1,1,1,1
"2260",3,1,1,1,1
"2261",1,4,1,1,1
"2262",1,1,1,1,3
"2263",2,2,2,3,4
"2264",2,5,3,2,1
"2265",NA,NA,NA,NA,NA
"2266",4,2,2,4,3
"2267",1,2,2,2,1
"2268",2,1,1,1,1
"2269",4,1,5,1,1
"2270",1,1,1,5,3
"2271",1,1,1,1,1
"2272",1,1,3,1,1
"2273",4,3,4,4,3
"2274",4,2,2,1,5
"2275",1,3,4,3,2
"2276",1,1,1,1,1
"2277",3,1,1,1,1
"2278",1,2,3,2,1
"2279",5,4,5,1,1
"2280",1,1,4,2,1
"2281",1,1,2,1,1
"2282",1,2,5,5,3
"2283",2,1,2,1,1
"2284",3,3,3,3,3
"2285",3,1,1,1,2
"2286",1,1,1,2,5
"2287",4,2,3,4,2
"2288",1,1,2,1,1
"2289",5,1,2,NA,4
"2290",1,1,1,4,1
"2291",5,1,4,5,5
"2292",NA,NA,NA,NA,NA
"2293",2,1,2,NA,3
"2294",2,3,1,1,1
"2295",4,4,2,5,1
"2296",3,3,3,3,5
"2297",1,1,5,1,1
"2298",2,1,2,2,2
"2299",4,2,2,4,3
"2300",2,1,2,2,1
"2301",4,1,2,1,3
"2302",2,1,3,2,3
"2303",3,1,2,2,2
"2304",1,1,1,1,1
"2305",2,1,1,2,4
"2306",4,4,1,1,5
"2307",4,3,3,4,5
"2308",3,2,5,3,1
"2309",3,1,2,1,4
"2310",1,1,1,1,1
"2311",2,2,3,2,4
"2312",4,1,1,4,4
"2313",4,1,2,2,3
"2314",3,1,1,3,4
"2315",2,2,2,3,1
"2316",4,2,1,1,2
"2317",1,2,1,4,2
"2318",3,4,2,2,1
"2319",2,4,4,2,2
"2320",1,1,2,2,4
"2321",1,1,1,1,1
"2322",2,1,1,3,2
"2323",1,1,1,1,1
"2324",1,1,1,3,2
"2325",3,1,4,1,1
"2326",2,2,3,2,4
"2327",1,1,4,1,1
"2328",2,1,1,1,4
"2329",2,1,NA,5,1
"2330",3,3,2,3,3
"2331",2,2,1,3,2
"2332",2,3,4,2,2
"2333",1,1,2,2,1
"2334",2,2,2,2,1
"2335",1,1,1,1,1
"2336",3,2,3,1,1
"2337",3,4,2,2,1
"2338",4,3,3,4,4
"2339",1,1,2,2,1
"2340",4,4,4,3,5
"2341",3,1,1,3,4
"2342",4,3,2,3,3
"2343",1,1,1,1,1
"2344",2,1,3,4,1
"2345",2,1,1,3,2
"2346",4,1,3,3,4
"2347",1,1,1,4,1
"2348",3,1,2,3,3
"2349",2,1,4,2,4
"2350",4,2,1,1,4
"2351",4,1,1,1,5
"2352",NA,NA,NA,NA,NA
"2353",1,1,1,4,1
"2354",3,1,4,2,5
"2355",1,1,1,1,1
"2356",2,4,4,3,5
"2357",1,1,2,3,1
"2358",3,1,1,1,2
"2359",1,5,2,1,1
"2360",1,2,3,2,1
"2361",3,1,1,1,5
"2362",3,1,3,3,4
"2363",3,1,3,2,4
"2364",4,2,5,2,4
"2365",1,1,2,3,3
"2366",NA,NA,NA,NA,NA
"2367",3,1,2,1,1
"2368",3,1,2,5,5
"2369",2,1,4,1,1
"2370",2,1,1,1,1
"2371",4,3,2,3,1
"2372",1,1,1,3,1
"2373",1,1,1,1,1
"2374",NA,NA,NA,NA,NA
"2375",3,5,3,3,3
"2376",2,4,4,2,3
"2377",2,2,2,2,3
"2378",1,1,1,1,1
"2379",2,2,1,1,1
"2380",1,1,5,1,1
"2381",3,3,1,1,1
"2382",3,1,1,3,5
"2383",1,1,1,3,2
"2384",4,NA,5,5,5
"2385",2,2,3,1,3
"2386",2,1,3,4,3
"2387",NA,NA,NA,NA,NA
"2388",NA,NA,NA,NA,NA
"2389",2,1,1,1,2
"2390",4,4,1,4,1
"2391",4,4,1,3,1
"2392",1,1,4,3,1
"2393",5,5,5,5,5
"2394",2,2,2,3,1
"2395",1,2,2,2,1
"2396",NA,NA,NA,NA,NA
"2397",1,1,1,1,1
"2398",1,1,1,1,1
"2399",1,2,5,1,1
"2400",3,4,5,3,1
"2401",3,1,2,2,1
"2402",2,1,2,2,1
"2403",3,3,1,2,5
"2404",2,1,1,1,3
"2405",2,2,1,5,5
"2406",3,1,1,4,1
"2407",4,1,2,3,4
"2408",2,1,1,5,1
"2409",2,1,1,2,1
"2410",1,1,1,1,1
"2411",1,4,5,3,1
"2412",4,5,1,3,4
"2413",1,1,1,1,2
"2414",4,2,3,3,2
"2415",3,1,1,1,5
"2416",4,3,3,4,5
"2417",2,2,1,3,4
"2418",NA,NA,NA,NA,NA
"2419",1,1,1,1,3
"2420",4,1,1,1,2
"2421",5,1,1,4,5
"2422",1,3,4,1,1
"2423",3,1,2,4,3
"2424",2,1,5,2,5
"2425",1,1,1,1,1
"2426",1,1,1,1,2
"2427",3,1,1,1,3
"2428",3,3,2,3,3
"2429",1,1,1,1,4
"2430",2,2,2,2,2
"2431",2,1,2,2,1
"2432",3,3,3,3,5
"2433",2,1,2,2,3
"2434",NA,NA,NA,NA,NA
"2435",1,1,1,1,1
"2436",3,3,2,2,1
"2437",1,1,1,1,1
"2438",1,1,1,1,5
"2439",1,1,1,1,2
"2440",1,1,4,2,3
"2441",2,3,1,1,1
"2442",3,1,4,1,1
"2443",3,3,5,2,1
"2444",4,1,4,4,3
"2445",NA,NA,NA,NA,NA
"2446",NA,NA,NA,NA,NA
"2447",2,3,4,1,1
"2448",2,2,1,1,2
"2449",3,4,2,3,2
"2450",2,3,4,1,1
"2451",1,2,2,2,5
"2452",1,2,5,4,4
"2453",4,1,4,3,5
"2454",4,2,1,1,2
"2455",2,1,1,2,3
"2456",1,1,1,2,3
"2457",3,3,2,1,4
"2458",4,3,5,2,3
"2459",1,3,1,1,1
"2460",1,1,2,2,1
"2461",2,1,2,4,5
"2462",3,1,2,4,5
"2463",2,1,2,2,2
"2464",3,1,1,2,3
"2465",NA,NA,NA,NA,NA
"2466",2,2,NA,1,1
"2467",2,1,4,2,1
"2468",NA,NA,4,4,5
"2469",2,4,4,1,1
"2470",1,1,4,1,2
"2471",5,1,1,1,5
"2472",3,4,4,2,2
"2473",4,1,1,1,4
"2474",4,3,5,4,3
"2475",2,2,4,4,1
"2476",4,1,5,2,2
"2477",4,4,2,5,5
"2478",5,1,5,1,2
"2479",2,1,2,1,3
"2480",NA,NA,NA,NA,NA
"2481",NA,NA,NA,NA,NA
"2482",1,1,1,1,1
"2483",1,1,1,1,1
"2484",4,4,2,1,3
"2485",2,4,2,5,1
"2486",1,1,1,1,1
"2487",NA,NA,NA,NA,NA
"2488",NA,NA,NA,NA,NA
"2489",4,1,1,4,5
"2490",4,1,1,1,1
"2491",1,1,1,1,1
"2492",2,2,2,1,2
"2493",2,1,2,2,2
"2494",2,1,4,1,2
"2495",1,2,2,2,3
"2496",3,1,1,1,1
"2497",1,1,2,2,1
"2498",1,4,1,1,1
"2499",3,3,3,3,1
"2500",2,3,3,3,1
"2501",3,2,2,3,2
"2502",3,1,5,4,NA
"2503",1,4,2,1,1
"2504",NA,NA,NA,NA,NA
"2505",5,NA,NA,NA,NA
"2506",3,2,1,4,1
"2507",1,1,1,4,1
"2508",2,1,4,2,1
"2509",2,1,5,3,4
"2510",1,1,1,2,2
"2511",NA,NA,NA,NA,NA
"2512",NA,NA,NA,NA,NA
"2513",2,4,1,3,NA
"2514",2,2,2,1,2
"2515",1,1,1,4,1
"2516",NA,NA,NA,NA,NA
"2517",2,1,1,1,1
"2518",4,2,2,2,2
"2519",NA,NA,NA,NA,NA
"2520",3,1,4,4,1
"2521",3,1,1,4,1
"2522",1,1,1,1,1
"2523",4,3,4,5,3
"2524",1,1,1,1,2
"2525",2,2,2,2,2
"2526",3,1,1,1,2
"2527",2,1,4,2,1
"2528",3,2,1,1,1
"2529",2,2,1,1,3
"2530",2,1,2,1,2
"2531",1,1,1,1,1
"2532",3,1,2,4,4
"2533",4,1,1,2,5
"2534",1,1,1,2,1
"2535",4,2,1,2,3
"2536",2,1,1,3,2
"2537",2,1,5,1,1
"2538",3,1,1,1,3
"2539",2,1,4,2,1
"2540",2,1,3,1,1
"2541",1,1,1,1,1
"2542",3,2,5,1,2
"2543",5,1,3,2,4
"2544",4,1,5,2,1
"2545",1,2,1,1,3
"2546",4,1,4,2,2
"2547",2,1,1,1,1
"2548",3,2,3,1,4
"2549",4,1,2,2,1
"2550",3,1,2,1,4
"2551",2,1,2,5,4
"2552",3,1,5,3,3
"2553",1,1,2,2,2
"2554",1,1,1,1,1
"2555",3,4,4,1,1
"2556",4,3,1,1,1
"2557",1,3,3,4,NA
"2558",1,1,1,1,1
"2559",1,1,1,1,1
"2560",1,1,1,1,1
"2561",2,1,1,4,3
"2562",2,2,2,2,2
"2563",2,2,2,2,3
"2564",NA,NA,NA,NA,NA
"2565",4,1,4,4,4
"2566",2,2,2,2,4
"2567",1,2,1,2,1
"2568",1,2,1,1,1
"2569",NA,NA,NA,NA,NA
"2570",1,1,4,4,1
"2571",NA,NA,NA,NA,NA
"2572",2,1,1,3,2
"2573",3,1,2,2,1
"2574",2,2,2,2,3
"2575",2,1,2,1,3
"2576",1,1,1,1,1
"2577",2,1,5,1,3
"2578",2,2,1,1,2
"2579",4,3,2,3,2
"2580",2,2,2,1,1
"2581",3,1,3,4,1
"2582",3,3,2,1,2
"2583",3,1,1,1,3
"2584",3,1,1,1,2
"2585",1,2,2,2,1
"2586",NA,NA,NA,NA,NA
"2587",3,2,2,2,3
"2588",NA,NA,NA,NA,NA
"2589",NA,NA,NA,NA,NA
"2590",3,2,5,4,4
"2591",NA,NA,NA,NA,NA
"2592",1,3,1,1,1
"2593",1,1,1,1,1
"2594",2,1,4,1,1
"2595",NA,NA,NA,NA,NA
"2596",2,1,1,1,2
"2597",2,1,3,3,4
"2598",4,2,4,1,1
"2599",2,1,4,2,2
"2600",2,1,4,1,1
"2601",2,1,5,3,2
"2602",1,1,1,1,1
"2603",3,4,3,3,3
"2604",3,4,2,2,1
"2605",4,1,3,3,3
"2606",3,1,5,1,4
"2607",2,1,2,1,2
"2608",3,1,3,4,1
"2609",3,5,2,2,3
"2610",1,1,4,1,3
"2611",1,4,4,2,1
"2612",3,5,2,1,4
"2613",2,1,1,NA,4
"2614",3,1,4,2,4
"2615",3,3,4,5,5
"2616",5,5,4,4,5
"2617",2,2,1,2,1
"2618",1,1,5,2,1
"2619",2,1,4,2,1
"2620",2,1,5,3,1
"2621",2,1,1,3,NA
"2622",1,1,1,2,1
"2623",1,2,3,2,4
"2624",2,2,3,3,5
"2625",3,2,5,3,5
"2626",2,3,5,1,3
"2627",1,1,4,4,2
"2628",2,1,1,1,3
"2629",3,3,5,1,2
"2630",3,1,2,5,5
"2631",3,1,4,3,4
"2632",2,3,5,1,2
"2633",3,1,4,2,4
"2634",1,1,2,2,1
"2635",3,2,NA,1,2
"2636",1,1,4,2,4
"2637",3,2,4,1,3
"2638",3,1,2,2,3
"2639",3,2,2,4,4
"2640",3,2,3,4,4
"2641",3,3,3,4,3
"2642",3,1,5,4,1
"2643",3,2,5,2,1
"2644",2,1,3,1,2
"2645",1,1,2,1,3
"2646",2,2,1,1,4
"2647",3,1,2,1,3
"2648",3,1,5,3,4
"2649",3,1,2,1,2
"2650",1,5,5,1,1
"2651",3,3,2,1,4
"2652",2,2,2,1,2
"2653",4,4,5,3,5
"2654",1,1,1,1,2
"2655",4,4,4,1,1
"2656",3,1,2,5,1
"2657",5,5,5,4,5
"2658",NA,NA,NA,NA,NA
"2659",3,3,2,4,4
"2660",NA,NA,NA,NA,NA
"2661",3,4,1,1,2
"2662",2,1,1,1,2
"2663",1,1,1,1,1
"2664",2,2,2,3,1
"2665",3,1,1,4,1
"2666",1,5,1,5,1
"2667",NA,NA,NA,NA,NA
"2668",1,1,3,1,1
"2669",2,1,4,1,1
"2670",1,1,1,1,1
"2671",1,1,1,1,1
"2672",5,5,5,5,5
"2673",1,1,1,1,1
"2674",NA,NA,NA,NA,NA
"2675",3,3,5,3,1
"2676",3,1,1,3,4
"2677",1,1,5,1,3
"2678",2,1,1,2,1
"2679",4,3,4,2,4
"2680",2,3,3,2,5
"2681",2,1,5,2,4
"2682",4,2,5,2,4
"2683",5,3,4,2,5
"2684",1,5,2,1,1
"2685",3,1,2,1,1
"2686",3,1,5,2,1
"2687",NA,NA,NA,NA,NA
"2688",4,2,5,5,3
"2689",NA,NA,NA,NA,NA
"2690",4,4,1,1,4
"2691",2,2,2,1,2
"2692",2,3,4,5,4
"2693",2,1,2,1,1
"2694",2,1,1,2,1
"2695",3,3,5,4,1
"2696",2,1,3,2,2
"2697",2,2,3,NA,2
"2698",2,4,4,1,1
"2699",1,2,1,1,3
"2700",1,1,5,2,1
"2701",2,1,1,1,2
"2702",4,1,4,3,5
"2703",NA,NA,NA,NA,NA
"2704",NA,NA,NA,NA,NA
"2705",1,1,1,1,1
"2706",NA,NA,NA,NA,NA
"2707",NA,NA,NA,NA,NA
"2708",2,1,2,1,1
"2709",4,1,1,4,5
"2710",1,1,5,1,1
"2711",NA,NA,NA,NA,NA
"2712",NA,NA,NA,NA,NA
"2713",NA,NA,NA,NA,NA
"2714",NA,NA,NA,NA,NA
"2715",NA,NA,NA,NA,NA
"2716",4,1,3,2,4
"2717",NA,NA,NA,NA,NA
"2718",3,1,1,4,1
"2719",NA,NA,NA,NA,NA
"2720",NA,NA,NA,NA,NA
"2721",NA,NA,NA,NA,NA
"2722",NA,NA,NA,NA,NA
"2723",3,NA,3,4,4
"2724",NA,NA,NA,NA,NA
"2725",NA,NA,NA,NA,NA
"2726",NA,NA,NA,NA,NA
"2727",NA,NA,NA,NA,NA
"2728",NA,NA,NA,NA,NA
"2729",NA,NA,NA,NA,NA
"2730",1,2,1,1,2
"2731",1,1,4,1,1
"2732",2,1,1,1,1
"2733",NA,NA,NA,NA,NA
"2734",4,1,4,1,5
"2735",3,4,5,1,5
"2736",1,1,2,1,1
"2737",4,2,5,3,3
"2738",1,4,1,2,1
"2739",5,4,2,4,5
"2740",3,1,4,2,2
"2741",4,2,5,3,4
"2742",1,1,2,4,3
"2743",4,1,1,2,1
"2744",1,1,1,1,1
"2745",3,3,3,3,3
"2746",4,1,2,1,4
"2747",1,1,2,2,2
"2748",4,4,2,2,4
"2749",2,2,4,2,2
"2750",4,4,2,5,3
"2751",1,1,1,1,3
"2752",4,3,2,1,1
"2753",2,1,2,3,1
"2754",1,5,1,1,1
"2755",1,1,1,1,1
"2756",4,1,3,1,4
"2757",2,1,5,2,1
"2758",1,1,1,1,1
"2759",4,4,3,3,5
"2760",1,1,4,4,1
"2761",1,1,1,1,1
"2762",1,3,1,1,1
"2763",1,1,1,1,1
"2764",4,1,2,1,5
"2765",5,1,2,2,5
"2766",2,2,3,3,4
"2767",2,2,1,1,2
"2768",1,4,4,1,1
"2769",4,4,2,2,1
"2770",NA,NA,NA,NA,NA
"2771",1,1,1,1,NA
"2772",1,1,2,1,1
"2773",3,2,4,3,1
"2774",1,1,1,2,2
"2775",1,1,1,1,3
"2776",1,2,3,4,2
"2777",1,1,1,1,1
"2778",1,1,3,4,1
"2779",4,4,1,2,3
"2780",4,2,2,2,2
"2781",3,1,1,3,1
"2782",1,1,3,1,1
"2783",4,2,3,3,4
"2784",1,2,1,1,1
"2785",1,1,1,4,5
"2786",1,1,1,1,1
"2787",4,2,2,1,4
"2788",2,1,4,1,1
"2789",2,1,1,2,2
"2790",2,1,1,1,1
"2791",1,1,1,5,5
"2792",1,1,1,1,1
"2793",2,1,3,3,4
"2794",3,1,1,1,3
"2795",2,1,3,1,4
"2796",3,1,1,1,2
"2797",2,1,4,2,1
"2798",2,1,5,4,5
"2799",1,1,1,5,1
"2800",1,4,1,2,1
"2801",3,1,3,5,3
"2802",3,2,4,3,5
"2803",1,4,5,3,1
"2804",3,1,1,2,4
"2805",1,1,3,1,2
"2806",2,2,3,4,5
"2807",4,1,3,1,5
"2808",1,1,2,2,1
"2809",2,3,1,1,4
"2810",3,1,1,1,4
"2811",3,1,1,3,1
"2812",1,2,4,2,1
"2813",3,2,3,4,5
"2814",1,1,2,3,3
"2815",1,1,1,1,2
"2816",3,1,5,2,4
"2817",2,1,1,1,3
"2818",2,1,2,1,3
"2819",2,1,1,1,3
"2820",1,1,1,1,1
"2821",3,1,4,1,5
"2822",4,2,4,4,4
"2823",2,3,1,1,2
"2824",2,1,1,1,1
"2825",1,2,1,1,2
"2826",4,NA,2,1,2
"2827",4,2,2,1,5
"2828",2,1,2,1,4
"2829",3,2,3,3,4
"2830",1,1,1,1,1
"2831",4,1,4,3,4
"2832",4,3,5,3,2
"2833",3,2,2,3,3
"2834",2,1,1,4,1
"2835",1,4,5,4,1
"2836",1,1,5,1,1
"2837",2,1,2,1,3
"2838",3,1,1,2,4
"2839",4,1,3,5,1
"2840",4,2,1,4,5
"2841",2,2,2,1,3
"2842",4,1,5,1,1
"2843",4,4,2,4,3
"2844",2,5,5,2,1
"2845",1,1,1,1,1
"2846",2,2,1,1,2
"2847",4,3,2,5,5
"2848",5,1,1,1,5
"2849",3,3,1,3,4
"2850",1,1,5,1,1
"2851",3,3,3,2,1
"2852",3,3,3,3,3
"2853",3,5,5,3,1
"2854",1,1,2,2,1
"2855",4,2,5,4,3
"2856",1,1,2,1,1
"2857",3,1,1,1,1
"2858",3,1,1,3,1
"2859",3,2,3,2,4
"2860",NA,NA,NA,NA,NA
"2861",3,2,2,1,2
"2862",2,1,2,2,2
"2863",3,1,2,1,4
"2864",1,4,2,2,1
"2865",4,5,2,4,4
"2866",NA,NA,NA,NA,NA
"2867",NA,NA,NA,NA,NA
"2868",4,2,4,2,4
"2869",3,1,1,1,1
"2870",4,1,1,2,4
"2871",1,2,3,2,3
"2872",1,3,4,4,1
"2873",4,1,1,4,4
"2874",3,2,4,4,1
"2875",1,1,1,1,1
"2876",2,2,1,1,3
"2877",NA,NA,NA,NA,NA
"2878",NA,NA,NA,NA,NA
"2879",2,2,2,2,3
"2880",NA,NA,NA,NA,NA
"2881",1,NA,1,1,5
"2882",4,1,2,2,5
"2883",2,2,1,1,5
"2884",3,4,4,3,3
"2885",3,1,1,NA,5
"2886",4,1,1,1,3
"2887",1,3,1,1,3
"2888",NA,NA,NA,NA,NA
"2889",1,1,3,1,1
"2890",NA,NA,NA,NA,NA
"2891",1,1,1,1,2
"2892",2,2,NA,2,5
"2893",1,1,1,1,1
"2894",2,1,2,2,3
"2895",5,1,1,4,3
"2896",4,1,1,1,2
"2897",1,3,1,5,5
"2898",NA,NA,NA,NA,NA
"2899",3,1,4,2,4
"2900",NA,NA,NA,NA,NA
"2901",3,1,2,1,3
"2902",1,3,1,4,1
"2903",1,1,1,1,1
"2904",3,1,1,1,1
"2905",3,3,2,3,1
"2906",2,1,1,2,4
"2907",1,1,2,1,2
"2908",3,2,2,3,1
"2909",3,1,2,3,5
"2910",3,1,4,2,2
"2911",NA,NA,NA,NA,NA
"2912",4,1,1,1,1
"2913",2,1,1,1,1
"2914",4,1,5,2,2
"2915",4,2,2,3,5
"2916",2,4,4,2,1
"2917",4,1,2,1,4
"2918",4,1,5,1,1
"2919",2,1,1,1,2
"2920",4,1,5,3,4
"2921",3,1,4,2,3
"2922",1,1,2,3,2
"2923",2,4,5,3,1
"2924",3,1,2,2,NA
"2925",2,1,4,3,5
"2926",4,1,4,4,4
"2927",1,1,3,3,2
"2928",1,1,1,1,1
"2929",4,2,2,2,4
"2930",1,2,4,2,2
"2931",5,1,4,2,2
"2932",1,2,2,1,1
"2933",2,1,2,3,3
"2934",3,1,5,2,1
"2935",3,1,5,2,3
"2936",1,1,1,1,1
"2937",2,1,2,1,3
"2938",1,1,4,1,1
"2939",3,1,3,5,4
"2940",NA,NA,NA,NA,NA
"2941",4,1,2,3,5
"2942",2,2,4,5,2
"2943",4,NA,1,2,4
"2944",1,1,1,1,1
"2945",3,1,3,2,3
"2946",2,2,3,2,1
"2947",1,3,4,4,5
"2948",3,1,4,1,1
"2949",4,5,3,5,2
"2950",3,3,1,3,3
"2951",2,1,5,1,2
"2952",3,4,3,2,2
"2953",2,1,1,1,4
"2954",3,4,5,2,3
"2955",3,2,5,4,1
"2956",3,1,5,1,4
"2957",3,1,4,2,3
"2958",1,1,2,1,1
"2959",4,2,5,3,3
"2960",2,1,2,1,3
"2961",1,2,5,4,2
"2962",2,1,2,1,3
"2963",2,2,3,2,5
"2964",2,1,3,3,4
"2965",2,1,2,2,3
"2966",1,2,1,2,1
"2967",2,1,2,2,3
"2968",4,1,5,4,5
"2969",1,5,4,NA,2
"2970",2,2,4,2,4
"2971",3,1,1,2,3
"2972",5,4,5,3,5
"2973",4,1,2,3,4
"2974",2,1,2,2,4
"2975",2,1,5,3,1
"2976",3,2,2,1,5
"2977",2,1,2,2,3
"2978",2,4,5,1,1
"2979",3,1,2,1,4
"2980",1,2,1,3,1
"2981",4,2,3,2,4
"2982",2,2,3,4,3
"2983",2,2,4,4,3
"2984",4,2,4,2,3
"2985",4,3,5,4,3
"2986",3,1,2,2,3
"2987",1,1,3,2,2
"2988",1,2,5,2,3
"2989",2,1,2,2,2
"2990",3,1,3,4,4
"2991",2,2,4,1,3
"2992",2,1,2,1,1
"2993",2,2,4,5,4
"2994",4,1,3,2,4
"2995",3,1,4,1,2
"2996",4,5,4,2,4
"2997",5,1,3,4,5
"2998",1,1,3,3,2
"2999",2,1,3,2,3
"3000",3,2,4,3,1
"3001",2,2,1,4,5
"3002",1,1,1,1,1
"3003",5,5,5,5,5
"3004",NA,NA,NA,NA,NA
"3005",2,2,1,2,5
"3006",1,1,1,1,5
"3007",1,2,1,4,5
"3008",2,1,2,1,4
"3009",1,1,1,4,4
"3010",2,2,1,1,4
"3011",4,1,4,4,5
"3012",3,4,1,2,2
"3013",5,2,2,2,2
"3014",2,1,1,1,4
"3015",4,1,1,1,3
"3016",1,4,4,2,1
"3017",5,1,1,1,4
"3018",1,1,1,1,4
"3019",4,1,5,2,1
"3020",3,1,3,1,4
"3021",3,2,1,1,2
"3022",NA,NA,NA,NA,NA
"3023",4,1,1,1,5
"3024",NA,NA,NA,NA,NA
"3025",1,1,1,1,1
"3026",3,1,1,1,3
"3027",1,2,1,4,2
"3028",3,1,2,1,4
"3029",2,3,2,2,1
"3030",1,4,1,1,1
"3031",2,2,4,1,3
"3032",3,2,5,1,3
"3033",3,4,1,1,1
"3034",4,2,1,1,3
"3035",3,2,1,2,4
"3036",1,2,1,1,1
"3037",4,1,4,4,4
"3038",2,2,3,1,1
"3039",3,1,1,1,5
"3040",4,2,2,2,4
"3041",4,1,1,1,4
"3042",NA,NA,NA,NA,NA
"3043",NA,NA,NA,NA,NA
"3044",4,2,3,2,5
"3045",1,1,1,1,1
"3046",3,1,1,1,3
"3047",1,1,1,1,1
"3048",NA,NA,NA,NA,NA
"3049",NA,NA,NA,NA,NA
"3050",1,1,1,1,1
"3051",3,1,1,4,3
"3052",4,4,2,1,5
"3053",1,1,5,1,1
"3054",2,2,2,2,1
"3055",2,5,5,2,1
"3056",NA,NA,NA,NA,NA
"3057",2,1,2,1,4
"3058",2,1,1,1,2
"3059",2,1,1,1,2
"3060",2,2,2,2,3
"3061",1,1,1,2,2
"3062",3,1,4,3,4
"3063",1,1,4,2,4
"3064",1,2,4,3,1
"3065",3,2,1,2,2
"3066",4,1,1,4,5
"3067",1,1,4,1,1
"3068",2,2,1,1,2
"3069",3,1,1,3,2
"3070",2,1,3,5,1
"3071",1,1,1,1,1
"3072",3,4,4,2,5
"3073",4,1,3,4,4
"3074",1,1,1,1,1
"3075",1,1,4,1,1
"3076",2,1,2,3,3
"3077",NA,NA,NA,NA,NA
"3078",NA,NA,NA,NA,NA
"3079",1,1,2,2,1
"3080",1,1,1,1,1
"3081",1,4,5,4,2
"3082",1,1,2,3,4
"3083",NA,NA,NA,NA,NA
"3084",NA,NA,NA,NA,NA
"3085",1,4,2,2,4
"3086",2,5,5,3,1
"3087",4,3,2,1,2
"3088",NA,NA,NA,NA,NA
"3089",3,1,4,3,3
"3090",NA,NA,NA,NA,NA
"3091",1,1,1,1,1
"3092",3,2,2,2,2
"3093",1,1,1,1,1
"3094",1,2,3,3,1
"3095",4,5,5,5,1
"3096",2,4,1,4,1
"3097",1,4,NA,4,4
"3098",1,1,1,3,1
"3099",2,4,2,3,4
"3100",NA,NA,NA,NA,NA
"3101",NA,NA,NA,NA,NA
"3102",1,1,2,1,1
"3103",NA,NA,NA,NA,NA
"3104",4,1,2,4,5
"3105",1,1,5,5,1
"3106",2,2,2,2,4
"3107",3,4,1,3,4
"3108",1,NA,NA,NA,NA
"3109",NA,NA,NA,NA,NA
"3110",2,NA,3,3,5
"3111",1,1,2,3,1
"3112",1,1,5,3,1
"3113",1,1,3,4,3
"3114",3,1,1,2,4
"3115",3,1,3,1,4
"3116",1,1,3,1,1
"3117",1,1,1,1,1
"3118",1,1,1,1,1
"3119",1,1,1,1,1
"3120",1,1,1,1,1
"3121",1,1,1,1,1
"3122",1,1,3,1,1
"3123",4,1,3,3,4
"3124",2,1,1,1,1
"3125",2,1,3,2,1
"3126",2,1,4,3,3
"3127",4,1,1,3,4
"3128",3,1,2,1,1
"3129",1,2,4,1,3
"3130",1,2,2,1,1
"3131",4,1,5,3,4
"3132",3,3,2,2,3
"3133",4,4,4,4,5
"3134",2,2,2,2,2
"3135",1,2,5,1,1
"3136",1,1,1,1,1
"3137",4,2,3,3,5
"3138",4,1,5,3,3
"3139",4,1,4,3,5
"3140",5,4,5,5,3
"3141",2,1,2,2,2
"3142",2,1,2,3,4
"3143",1,1,3,3,1
"3144",3,1,4,2,2
"3145",1,5,1,1,1
"3146",3,3,2,3,2
"3147",2,5,3,3,3
"3148",2,1,2,2,1
"3149",3,2,2,2,3
"3150",4,4,2,2,3
"3151",2,3,2,3,2
"3152",1,1,1,1,1
"3153",4,1,1,3,3
"3154",3,1,2,2,3
"3155",2,1,2,2,2
"3156",1,2,2,1,1
"3157",4,2,4,4,5
"3158",5,4,2,2,5
"3159",NA,NA,NA,NA,NA
"3160",3,2,2,1,3
"3161",5,1,5,1,4
"3162",3,1,1,2,4
"3163",1,1,1,1,1
"3164",3,2,2,4,1
"3165",2,2,4,1,1
"3166",4,2,2,3,4
"3167",4,2,2,2,4
"3168",NA,NA,NA,NA,NA
"3169",NA,NA,NA,NA,NA
"3170",NA,NA,NA,NA,NA
"3171",NA,NA,NA,NA,NA
"3172",NA,NA,NA,NA,NA
"3173",NA,NA,NA,NA,NA
"3174",NA,NA,NA,NA,NA
"3175",NA,NA,NA,NA,NA
"3176",NA,NA,NA,NA,NA
"3177",NA,NA,NA,NA,NA
"3178",NA,NA,NA,NA,NA
"3179",NA,NA,NA,NA,NA
"3180",NA,NA,NA,NA,NA
"3181",NA,NA,NA,NA,NA
"3182",NA,NA,NA,NA,NA
"3183",NA,NA,NA,NA,NA
"3184",NA,NA,NA,NA,NA
"3185",NA,NA,NA,NA,NA
"3186",NA,NA,NA,NA,NA
"3187",NA,NA,NA,NA,NA
"3188",NA,NA,NA,NA,NA
"3189",NA,NA,NA,NA,NA
"3190",NA,NA,NA,NA,NA
"3191",NA,NA,NA,NA,NA
"3192",4,1,1,4,5
"3193",1,1,4,4,1
"3194",1,1,1,1,1
"3195",2,2,2,2,5
"3196",1,1,3,4,1
"3197",NA,NA,4,3,NA
"3198",NA,NA,NA,NA,NA
"3199",1,1,1,1,1
"3200",1,1,1,1,1
"3201",2,1,1,1,1
"3202",NA,NA,NA,NA,NA
"3203",NA,NA,NA,NA,NA
"3204",1,2,4,1,1
"3205",3,3,1,4,4
"3206",NA,NA,NA,NA,NA
"3207",2,1,1,1,1
"3208",NA,NA,NA,NA,NA
"3209",1,2,4,4,1
"3210",NA,NA,NA,NA,NA
"3211",1,4,3,1,1
"3212",1,1,1,1,1
"3213",3,1,3,3,4
"3214",3,4,1,5,4
"3215",4,3,5,5,1
"3216",2,1,1,1,1
"3217",2,1,2,2,2
"3218",2,2,4,5,4
"3219",1,1,1,1,1
"3220",1,1,1,1,1
"3221",4,3,1,1,3
"3222",2,2,2,2,2
"3223",2,2,4,1,1
"3224",2,2,2,4,3
"3225",4,1,1,1,4
"3226",2,2,2,2,4
"3227",1,1,1,1,1
"3228",2,1,1,1,4
"3229",3,2,2,1,1
"3230",1,2,1,1,1
"3231",2,NA,1,1,2
"3232",4,1,1,1,1
"3233",2,1,2,2,2
"3234",2,3,1,1,3
"3235",1,1,1,1,1
"3236",2,2,1,1,1
"3237",1,1,1,1,1
"3238",1,3,1,4,3
"3239",2,3,1,1,1
"3240",1,2,4,1,1
"3241",1,1,2,1,2
"3242",3,1,3,1,3
"3243",1,2,1,1,1
"3244",1,1,1,3,1
"3245",NA,NA,NA,NA,NA
"3246",3,1,2,2,1
"3247",2,1,4,5,3
"3248",1,1,1,1,3
"3249",5,5,5,5,1
"3250",2,1,2,4,1
"3251",1,1,1,1,3
"3252",4,1,1,1,1
"3253",1,1,1,1,1
"3254",3,1,1,5,4
"3255",1,1,1,1,1
"3256",1,1,1,1,1
"3257",1,4,4,1,5
"3258",4,3,5,1,1
"3259",4,1,1,1,4
"3260",2,1,3,1,3
"3261",4,1,1,4,1
"3262",2,2,1,1,2
"3263",2,1,5,4,4
"3264",2,1,2,1,1
"3265",1,1,5,1,1
"3266",1,3,3,5,4
"3267",1,1,1,1,1
"3268",1,2,1,1,1
"3269",3,1,2,1,4
"3270",3,1,3,1,2
"3271",1,1,1,1,1
"3272",2,2,1,2,1
"3273",1,1,1,1,1
"3274",4,2,4,1,3
"3275",NA,NA,NA,NA,NA
"3276",NA,NA,NA,NA,NA
"3277",NA,NA,NA,NA,NA
"3278",NA,NA,NA,NA,NA
"3279",3,1,2,3,1
"3280",NA,NA,NA,NA,NA
"3281",1,1,1,1,3
"3282",NA,NA,NA,NA,NA
"3283",NA,NA,NA,NA,NA
"3284",1,1,1,1,1
"3285",3,1,1,1,2
"3286",3,3,2,2,4
"3287",4,1,1,1,4
"3288",2,3,1,4,2
"3289",NA,NA,NA,NA,NA
"3290",1,4,1,5,4
"3291",1,2,1,1,1
"3292",2,1,1,2,2
"3293",4,2,3,1,1
"3294",3,3,3,3,3
"3295",3,1,2,3,3
"3296",4,1,2,2,3
"3297",2,2,5,3,4
"3298",1,2,4,4,2
"3299",1,1,5,2,1
"3300",3,2,1,2,1
"3301",NA,NA,NA,NA,NA
"3302",NA,NA,NA,NA,NA
"3303",2,2,1,3,1
"3304",3,1,1,4,1
"3305",1,1,3,2,2
"3306",5,3,3,4,5
"3307",4,2,1,1,2
"3308",3,1,2,2,4
"3309",1,1,2,2,1
"3310",5,5,5,2,4
"3311",2,5,5,2,1
"3312",3,1,5,3,1
"3313",1,1,2,2,1
"3314",2,1,4,3,1
"3315",1,1,5,2,1
"3316",2,1,1,5,2
"3317",NA,NA,NA,NA,NA
"3318",NA,NA,NA,NA,NA
"3319",1,1,3,1,2
"3320",2,1,3,4,1
"3321",2,2,1,1,2
"3322",NA,NA,NA,NA,NA
"3323",2,2,4,2,5
"3324",3,5,4,2,1
"3325",5,4,4,4,4
"3326",1,1,3,3,3
"3327",NA,NA,NA,NA,NA
"3328",NA,NA,NA,NA,NA
"3329",3,1,5,2,2
"3330",3,1,5,1,1
"3331",2,2,1,2,3
"3332",NA,NA,NA,NA,NA
"3333",NA,NA,NA,NA,NA
"3334",NA,NA,NA,NA,NA
"3335",2,1,4,3,4
"3336",3,2,2,4,2
"3337",1,1,1,1,1
"3338",NA,NA,NA,NA,NA
"3339",2,2,4,1,3
"3340",NA,NA,NA,NA,NA
"3341",2,1,4,4,1
"3342",2,2,3,1,5
"3343",NA,NA,NA,NA,NA
"3344",4,2,2,4,4
"3345",2,1,1,2,4
"3346",1,1,1,1,1
"3347",NA,NA,NA,NA,NA
"3348",1,1,2,1,1
"3349",1,1,2,1,1
"3350",1,1,1,1,4
"3351",2,2,2,2,2
"3352",1,2,5,3,4
"3353",1,4,2,2,1
"3354",NA,NA,NA,NA,NA
"3355",2,2,1,1,1
"3356",2,2,2,3,3
"3357",NA,NA,NA,NA,NA
"3358",2,2,3,1,1
"3359",4,4,3,4,2
"3360",1,1,5,3,2
"3361",3,2,4,1,2
"3362",1,1,2,1,1
"3363",3,3,3,1,1
"3364",3,1,2,1,1
"3365",2,3,NA,1,5
"3366",1,1,1,1,5
"3367",5,1,2,2,4
"3368",1,1,1,1,1
"3369",3,1,3,2,3
"3370",NA,NA,NA,NA,NA
"3371",3,1,2,2,2
"3372",1,1,1,1,1
"3373",1,5,4,1,5
"3374",1,1,1,2,1
"3375",3,2,4,2,5
"3376",1,5,5,3,2
"3377",2,2,5,3,4
"3378",1,1,2,1,1
"3379",2,1,4,1,4
"3380",5,1,3,1,1
"3381",1,1,2,2,1
"3382",3,3,5,4,5
"3383",3,2,2,1,4
"3384",2,1,2,2,4
"3385",1,4,4,2,3
"3386",5,2,2,3,4
"3387",4,1,2,4,4
"3388",1,2,2,2,1
"3389",4,2,1,3,4
"3390",3,1,2,1,3
"3391",1,1,4,1,5
"3392",3,3,4,1,5
"3393",3,3,3,2,4
"3394",2,1,1,1,2
"3395",4,3,5,2,4
"3396",2,1,3,2,4
"3397",4,4,2,3,1
"3398",4,1,5,1,1
"3399",2,1,3,2,2
"3400",2,1,4,1,2
"3401",3,1,2,1,1
"3402",2,1,2,1,1
"3403",5,1,5,2,2
"3404",3,1,5,4,2
"3405",2,1,1,1,1
"3406",3,3,3,1,4
"3407",1,1,2,1,4
"3408",1,1,1,1,2
"3409",2,1,1,4,5
"3410",3,1,1,1,2
"3411",1,2,2,1,4
"3412",5,3,1,1,5
"3413",3,1,1,1,5
"3414",4,1,4,2,1
"3415",4,NA,3,2,4
"3416",1,1,4,1,1
"3417",2,1,1,1,1
"3418",1,1,4,1,4
"3419",4,1,2,1,4
"3420",1,1,3,2,1
"3421",4,4,3,5,3
"3422",2,1,2,1,1
"3423",1,2,1,2,1
"3424",1,1,1,1,1
"3425",2,2,2,1,4
"3426",3,2,4,1,4
"3427",2,1,5,1,1
"3428",2,1,2,1,1
"3429",2,1,2,2,1
"3430",3,1,2,3,2
"3431",1,2,2,1,1
"3432",1,1,5,2,1
"3433",4,1,5,3,5
"3434",1,1,1,1,1
"3435",1,2,2,1,1
"3436",1,1,5,3,1
"3437",3,2,5,3,1
"3438",1,2,2,5,4
"3439",2,1,2,2,3
"3440",1,1,1,1,1
"3441",4,4,5,4,2
"3442",1,1,1,1,1
"3443",3,2,4,3,1
"3444",2,4,5,3,1
"3445",1,1,2,3,1
"3446",2,1,2,2,3
"3447",1,1,1,3,1
"3448",5,1,3,5,3
"3449",2,1,5,3,5
"3450",2,1,2,2,2
"3451",2,1,5,3,4
"3452",1,1,4,4,3
"3453",1,4,5,2,1
"3454",1,1,1,1,3
"3455",1,1,1,2,1
"3456",1,1,1,1,1
"3457",4,2,2,2,4
"3458",2,2,4,3,2
"3459",4,3,1,1,4
"3460",1,1,3,1,3
"3461",3,1,1,1,3
"3462",2,1,1,4,1
"3463",1,5,4,3,1
"3464",1,1,1,1,1
"3465",2,1,4,2,1
"3466",2,4,4,1,5
"3467",4,2,2,2,3
"3468",1,1,1,1,1
"3469",2,2,1,1,1
"3470",1,3,4,1,2
"3471",1,1,2,2,4
"3472",3,1,1,1,2
"3473",3,1,1,1,1
"3474",1,1,1,1,2
"3475",1,4,1,1,1
"3476",2,1,2,2,1
"3477",2,1,3,4,1
"3478",2,1,1,2,3
"3479",3,3,3,3,4
"3480",1,1,1,2,1
"3481",2,2,1,1,5
"3482",2,2,1,1,3
"3483",2,2,4,3,2
"3484",3,1,2,4,5
"3485",NA,NA,NA,NA,NA
"3486",4,3,2,2,5
"3487",3,1,2,4,5
"3488",2,1,2,2,2
"3489",2,2,2,2,3
"3490",5,1,2,3,5
"3491",4,3,2,4,4
"3492",5,1,4,2,4
"3493",3,1,4,1,3
"3494",3,2,1,1,4
"3495",4,3,2,1,5
"3496",3,1,5,1,4
"3497",1,1,2,2,5
"3498",NA,NA,NA,NA,NA
"3499",3,2,1,2,3
"3500",2,1,1,1,3
"3501",4,1,1,2,4
"3502",NA,NA,NA,NA,NA
"3503",NA,NA,NA,NA,NA
"3504",NA,NA,NA,NA,NA
"3505",3,1,2,2,2
"3506",3,1,2,3,1
"3507",3,1,2,1,1
"3508",1,1,3,3,1
"3509",2,1,4,2,4
"3510",3,3,5,3,NA
"3511",2,1,5,3,4
"3512",3,3,4,1,5
"3513",1,1,1,1,1
"3514",5,5,5,5,4
"3515",3,1,5,3,1
"3516",2,3,2,4,1
"3517",2,3,2,1,4
"3518",3,2,1,3,3
"3519",2,1,3,1,3
"3520",3,NA,5,5,3
"3521",2,1,2,1,2
"3522",2,1,4,2,2
"3523",3,2,4,2,3
"3524",4,1,5,2,4
"3525",4,3,2,1,5
"3526",1,1,1,1,1
"3527",1,1,1,1,5
"3528",2,1,1,1,5
"3529",1,2,1,2,1
"3530",1,1,2,1,2
"3531",4,4,5,3,5
"3532",1,4,1,1,1
"3533",1,1,2,1,5
"3534",2,1,2,1,2
"3535",2,2,4,2,4
"3536",NA,NA,NA,NA,NA
"3537",2,1,5,3,4
"3538",3,1,1,1,5
"3539",4,3,2,2,2
"3540",NA,NA,NA,NA,NA
"3541",NA,NA,NA,NA,NA
"3542",1,1,1,1,1
"3543",1,1,1,1,4
"3544",2,1,2,3,1
"3545",NA,NA,NA,NA,NA
"3546",1,1,1,1,5
"3547",1,1,1,1,1
"3548",1,1,3,2,1
"3549",NA,NA,NA,NA,NA
"3550",NA,NA,NA,NA,NA
"3551",3,2,1,2,3
"3552",NA,NA,NA,NA,NA
"3553",NA,NA,NA,NA,NA
"3554",2,2,2,1,4
"3555",NA,NA,NA,NA,NA
"3556",NA,NA,NA,NA,NA
"3557",2,1,1,4,1
"3558",3,1,1,1,1
"3559",NA,NA,NA,NA,NA
"3560",NA,NA,NA,NA,NA
"3561",4,2,2,4,5
"3562",NA,NA,NA,NA,NA
"3563",NA,NA,NA,NA,NA
"3564",NA,NA,NA,NA,NA
"3565",NA,NA,NA,NA,NA
"3566",4,1,2,1,1
"3567",1,3,2,1,1
"3568",3,2,2,2,3
"3569",2,2,2,2,2
"3570",4,1,1,1,5
"3571",2,1,4,2,2
"3572",3,1,1,2,4
"3573",4,1,4,4,5
"3574",NA,NA,NA,NA,NA
"3575",3,1,1,1,1
"3576",2,1,2,4,4
"3577",3,2,2,4,3
"3578",2,1,4,4,5
"3579",3,2,1,1,5
"3580",4,5,4,4,3
"3581",3,2,2,5,1
"3582",2,1,2,3,5
"3583",5,5,5,5,5
"3584",NA,NA,NA,NA,NA
"3585",3,3,1,4,1
"3586",4,1,2,4,4
"3587",2,5,4,5,1
"3588",5,3,2,3,5
"3589",4,3,5,3,4
"3590",1,3,4,2,1
"3591",2,2,5,2,1
"3592",NA,NA,NA,NA,NA
"3593",2,2,2,3,2
"3594",NA,NA,NA,NA,NA
"3595",3,1,1,1,3
"3596",2,2,2,4,2
"3597",2,1,2,1,3
"3598",4,2,3,3,1
"3599",3,1,2,2,4
"3600",2,1,2,1,3
"3601",1,1,1,1,2
"3602",3,2,4,2,3
"3603",1,1,2,1,1
"3604",1,4,4,1,2
"3605",2,1,2,3,3
"3606",3,1,1,1,4
"3607",1,3,2,1,1
"3608",1,1,1,1,1
"3609",1,1,1,1,1
"3610",3,2,2,4,3
"3611",3,2,2,2,1
"3612",2,1,5,2,4
"3613",2,1,2,4,5
"3614",4,1,4,1,3
"3615",2,1,2,1,1
"3616",2,1,1,1,4
"3617",1,3,2,3,5
"3618",2,1,2,4,2
"3619",2,1,2,2,4
"3620",4,2,1,2,5
"3621",1,1,2,3,2
"3622",3,3,3,5,4
"3623",1,3,2,2,1
"3624",1,1,1,1,1
"3625",NA,NA,NA,NA,NA
"3626",3,1,1,1,1
"3627",NA,NA,NA,NA,NA
"3628",1,1,1,1,1
"3629",1,4,4,4,4
"3630",3,4,4,3,2
"3631",NA,NA,NA,NA,NA
"3632",1,2,3,4,5
"3633",NA,NA,NA,NA,NA
"3634",NA,NA,NA,NA,NA
"3635",3,2,1,1,2
"3636",1,1,1,1,1
"3637",NA,NA,NA,NA,NA
"3638",NA,NA,NA,NA,NA
"3639",1,2,3,1,2
"3640",3,2,4,5,4
"3641",1,1,2,1,3
"3642",4,4,2,1,4
"3643",3,4,1,2,1
"3644",2,2,2,2,2
"3645",NA,NA,NA,NA,NA
"3646",NA,NA,NA,NA,NA
"3647",NA,NA,NA,NA,NA
"3648",1,1,4,3,1
"3649",2,1,2,1,1
"3650",2,2,4,3,3
"3651",4,2,2,2,5
"3652",4,1,5,4,5
"3653",2,1,5,2,4
"3654",2,1,3,1,5
"3655",2,NA,3,4,5
"3656",4,3,3,4,2
"3657",1,1,2,1,2
"3658",4,1,2,2,1
"3659",4,1,2,1,5
"3660",2,2,4,3,5
"3661",3,4,3,4,5
"3662",4,3,2,1,4
"3663",1,1,4,2,1
"3664",3,1,1,NA,5
"3665",1,4,2,1,3
"3666",2,1,2,3,5
"3667",2,2,3,2,3
"3668",3,1,2,2,4
"3669",3,1,2,4,5
"3670",3,2,1,2,2
"3671",3,1,3,3,4
"3672",2,2,5,3,3
"3673",2,1,2,4,1
"3674",1,2,5,3,1
"3675",2,1,5,2,1
"3676",3,1,2,3,5
"3677",3,2,4,5,3
"3678",4,1,4,1,3
"3679",4,1,2,3,3
"3680",3,3,1,3,2
"3681",2,2,4,4,2
"3682",3,2,3,5,2
"3683",1,1,1,2,1
"3684",3,3,5,1,1
"3685",2,1,1,1,2
"3686",NA,NA,NA,NA,NA
"3687",1,1,1,1,1
"3688",2,3,3,2,2
"3689",NA,NA,NA,NA,NA
"3690",2,2,2,2,1
"3691",2,2,1,1,1
"3692",1,1,1,1,1
"3693",3,1,1,1,4
"3694",1,1,1,1,1
"3695",1,1,4,3,1
"3696",1,1,1,1,1
"3697",3,1,1,1,4
"3698",NA,NA,NA,NA,NA
"3699",1,1,2,1,1
"3700",3,1,1,1,3
"3701",3,1,1,2,2
"3702",3,1,1,3,4
"3703",2,1,2,1,1
"3704",4,1,3,1,5
"3705",3,1,5,5,5
"3706",1,1,1,1,4
"3707",3,2,1,3,1
"3708",1,1,1,1,1
"3709",1,1,1,1,4
"3710",2,1,1,1,4
"3711",3,4,3,3,3
"3712",1,4,1,4,1
"3713",1,1,1,1,1
"3714",3,2,5,4,3
"3715",4,4,3,2,5
"3716",3,4,4,2,3
"3717",2,1,5,1,4
"3718",1,1,2,2,1
"3719",2,1,4,2,2
"3720",2,3,5,1,3
"3721",1,1,2,3,2
"3722",2,1,4,5,4
"3723",1,1,1,1,4
"3724",3,2,3,1,1
"3725",2,1,4,1,4
"3726",3,2,2,2,1
"3727",3,1,3,1,3
"3728",3,2,2,1,1
"3729",2,1,5,2,1
"3730",2,1,1,1,2
"3731",4,1,5,3,4
"3732",4,1,2,3,4
"3733",1,1,1,1,1
"3734",1,1,5,3,3
"3735",2,1,3,1,1
"3736",4,1,2,2,3
"3737",2,1,2,3,5
"3738",3,1,4,2,1
"3739",4,1,3,4,5
"3740",NA,NA,NA,NA,NA
"3741",1,1,1,2,1
"3742",1,4,4,4,3
"3743",NA,NA,NA,NA,NA
"3744",2,1,1,1,1
"3745",3,1,1,1,4
"3746",4,1,4,1,1
"3747",1,5,4,1,4
"3748",3,3,5,5,4
"3749",3,2,1,4,5
"3750",2,2,1,1,1
"3751",2,1,1,1,2
"3752",4,2,3,4,5
"3753",1,1,1,3,1
"3754",3,2,1,1,4
"3755",1,1,1,1,1
"3756",3,1,1,1,3
"3757",1,1,1,1,3
"3758",2,1,1,2,3
"3759",3,2,3,4,2
"3760",3,1,4,1,4
"3761",4,4,1,3,5
"3762",3,2,3,2,4
"3763",1,1,1,1,1
"3764",1,1,2,1,1
"3765",2,1,1,1,4
"3766",2,2,5,3,5
"3767",NA,2,1,4,5
"3768",5,1,1,3,5
"3769",4,2,5,2,5
"3770",3,1,2,4,4
"3771",3,4,3,3,2
"3772",2,1,3,5,5
"3773",4,1,5,4,3
"3774",4,1,2,5,5
"3775",1,1,5,4,2
"3776",3,3,5,4,4
"3777",2,1,2,1,1
"3778",4,NA,4,3,3
"3779",4,3,2,2,4
"3780",4,1,5,2,4
"3781",2,1,3,5,4
"3782",4,5,4,2,1
"3783",2,1,5,1,1
"3784",4,2,2,1,3
"3785",1,1,5,5,5
"3786",2,2,5,1,1
"3787",2,1,3,2,3
"3788",1,4,1,1,1
"3789",3,1,5,2,3
"3790",3,1,4,4,5
"3791",4,5,4,2,1
"3792",2,3,5,2,4
"3793",3,3,4,3,5
"3794",3,1,4,4,3
"3795",4,1,3,5,3
"3796",1,3,2,1,1
"3797",1,2,3,1,3
"3798",1,1,5,4,1
"3799",NA,NA,NA,NA,NA
"3800",NA,NA,NA,NA,NA
"3801",NA,NA,NA,NA,NA
"3802",4,4,4,4,3
"3803",2,1,1,1,2
"3804",NA,NA,NA,NA,NA
"3805",NA,NA,NA,NA,NA
"3806",NA,NA,NA,NA,NA
"3807",1,2,1,2,2
"3808",NA,NA,NA,NA,NA
"3809",NA,NA,NA,NA,NA
"3810",NA,NA,NA,NA,NA
"3811",NA,NA,NA,NA,NA
"3812",3,5,5,1,1
"3813",2,2,2,2,2
"3814",NA,NA,NA,NA,NA
"3815",NA,NA,NA,NA,NA
"3816",4,1,4,5,5
"3817",2,NA,NA,NA,NA
"3818",NA,NA,NA,NA,NA
"3819",NA,NA,NA,NA,NA
"3820",NA,NA,NA,NA,NA
"3821",3,1,3,3,4
"3822",NA,NA,NA,NA,4
"3823",1,1,1,1,1
"3824",3,1,1,2,2
"3825",NA,NA,NA,NA,NA
"3826",NA,NA,NA,NA,NA
"3827",1,1,1,5,3
"3828",1,1,1,1,1
"3829",4,1,2,NA,3
"3830",NA,NA,NA,NA,NA
"3831",2,1,4,2,2
"3832",2,1,1,4,4
"3833",1,1,1,1,3
"3834",3,1,2,3,3
"3835",2,2,2,3,2
"3836",NA,NA,NA,NA,NA
"3837",2,1,2,4,3
"3838",NA,NA,NA,NA,NA
"3839",3,2,2,2,5
"3840",4,2,2,4,4
"3841",2,2,3,4,1
"3842",4,1,2,2,4
"3843",NA,NA,NA,NA,NA
"3844",1,1,4,1,1
"3845",4,1,1,4,4
"3846",1,3,2,2,1
"3847",2,1,3,1,1
"3848",4,2,3,1,1
"3849",2,1,2,5,1
"3850",1,1,1,1,1
"3851",4,2,NA,2,3
"3852",4,1,1,4,5
"3853",1,2,3,1,1
"3854",2,2,4,1,1
"3855",2,2,1,1,1
"3856",4,4,1,2,4
"3857",1,2,1,1,1
"3858",4,5,2,1,4
"3859",1,1,1,1,1
"3860",2,1,2,1,4
"3861",3,1,4,1,1
"3862",1,1,5,1,3
"3863",NA,NA,NA,NA,NA
"3864",2,1,4,4,3
"3865",4,1,1,1,3
"3866",2,2,1,4,3
"3867",NA,NA,NA,NA,NA
"3868",2,2,2,1,1
"3869",3,3,5,2,1
"3870",1,1,1,1,1
"3871",1,1,2,1,4
"3872",1,1,1,1,1
"3873",NA,NA,NA,NA,NA
"3874",5,2,3,3,4
"3875",1,1,1,1,1
"3876",1,2,2,2,1
"3877",1,1,1,1,2
"3878",1,1,1,2,5
"3879",2,1,2,2,3
"3880",2,1,2,3,1
"3881",1,1,1,1,5
"3882",1,1,1,1,3
"3883",4,3,5,3,1
"3884",4,1,1,3,4
"3885",1,1,1,1,5
"3886",NA,NA,NA,NA,NA
"3887",3,1,2,3,4
"3888",NA,NA,NA,NA,NA
"3889",3,1,4,1,5
"3890",1,1,5,1,1
"3891",3,3,1,1,1
"3892",1,4,2,3,1
"3893",2,1,4,3,2
"3894",3,1,1,1,3
"3895",2,1,1,2,2
"3896",4,1,1,1,5
"3897",NA,NA,NA,NA,NA
"3898",1,1,1,1,1
"3899",3,1,3,3,2
"3900",2,4,3,1,5
"3901",3,1,3,4,4
"3902",4,1,4,3,4
"3903",2,1,4,4,3
"3904",3,2,3,1,1
"3905",NA,NA,NA,NA,NA
"3906",NA,NA,NA,NA,NA
"3907",NA,NA,NA,NA,NA
"3908",NA,NA,NA,NA,NA
"3909",NA,NA,NA,NA,NA
"3910",NA,NA,NA,NA,NA
"3911",NA,NA,NA,NA,NA
"3912",NA,NA,NA,NA,NA
"3913",NA,NA,NA,NA,NA
"3914",NA,NA,NA,NA,NA
"3915",NA,NA,NA,NA,NA
"3916",NA,NA,NA,NA,NA
"3917",1,1,1,1,1
"3918",NA,NA,NA,NA,NA
"3919",NA,NA,NA,NA,NA
"3920",NA,NA,NA,NA,NA
"3921",NA,NA,NA,NA,NA
"3922",1,1,1,1,1
"3923",NA,NA,NA,NA,NA
"3924",1,3,NA,4,1
"3925",NA,NA,NA,NA,NA
"3926",NA,NA,NA,NA,NA
"3927",2,5,1,3,1
"3928",NA,NA,NA,NA,NA
"3929",NA,NA,NA,NA,NA
"3930",NA,NA,NA,NA,NA
"3931",5,5,1,1,1
"3932",1,1,1,1,1
"3933",NA,NA,NA,NA,NA
"3934",NA,NA,NA,NA,NA
"3935",1,2,1,1,1
"3936",1,2,3,2,1
"3937",NA,NA,NA,NA,NA
"3938",3,3,3,3,3
"3939",NA,NA,NA,NA,NA
"3940",3,2,1,2,2
"3941",NA,NA,NA,NA,NA
"3942",1,1,1,5,1
"3943",NA,NA,NA,NA,NA
"3944",NA,NA,NA,NA,NA
"3945",1,4,2,1,1
"3946",2,1,1,1,2
"3947",NA,NA,NA,NA,NA
"3948",2,1,5,5,5
"3949",NA,NA,NA,NA,NA
"3950",3,2,3,2,4
"3951",NA,NA,NA,NA,NA
"3952",2,1,5,2,2
"3953",2,1,2,3,1
"3954",3,1,1,1,5
"3955",4,3,3,1,3
"3956",1,4,4,5,1
"3957",2,1,1,2,5
"3958",2,1,2,2,1
"3959",2,2,3,4,3
"3960",1,1,5,2,1
"3961",1,1,4,1,2
"3962",1,1,2,1,2
"3963",4,1,1,1,2
"3964",1,2,1,1,4
"3965",3,5,3,2,1
"3966",4,2,2,2,5
"3967",1,4,3,1,2
"3968",4,2,1,4,5
"3969",4,4,5,3,5
"3970",3,1,3,3,1
"3971",2,1,1,2,1
"3972",4,1,1,1,4
"3973",2,1,4,2,1
"3974",1,1,1,1,5
"3975",2,1,1,2,3
"3976",1,1,1,1,1
"3977",4,2,1,1,4
"3978",5,4,5,4,5
"3979",1,1,3,1,1
"3980",3,1,2,2,4
"3981",NA,NA,NA,NA,NA
"3982",1,1,1,1,1
"3983",1,1,1,1,1
"3984",4,4,5,3,2
"3985",2,1,1,3,1
"3986",4,4,3,4,2
"3987",1,1,1,1,1
"3988",4,1,2,1,2
"3989",1,2,1,1,1
"3990",2,3,1,1,2
"3991",NA,NA,NA,NA,NA
"3992",2,2,1,2,3
"3993",1,1,1,1,1
"3994",2,2,2,2,2
"3995",1,1,1,1,1
"3996",3,4,1,1,1
"3997",1,5,5,1,1
"3998",NA,NA,NA,NA,NA
"3999",4,4,1,1,2
"4000",3,1,4,2,2
"4001",1,1,1,1,1
"4002",3,1,2,2,1
"4003",2,2,2,2,2
"4004",1,1,1,2,1
"4005",NA,NA,NA,NA,NA
"4006",NA,NA,NA,NA,NA
"4007",5,2,4,4,1
"4008",1,3,3,1,5
"4009",3,2,1,3,4
"4010",1,1,1,1,1
"4011",4,4,1,1,3
"4012",NA,NA,NA,NA,NA
"4013",3,2,5,5,2
"4014",2,1,2,1,2
"4015",1,1,1,1,5
"4016",3,4,2,1,2
"4017",2,1,1,1,1
"4018",2,1,2,2,1
"4019",NA,NA,NA,NA,NA
"4020",2,4,1,1,1
"4021",NA,NA,NA,NA,NA
"4022",1,1,1,1,1
"4023",2,2,2,3,2
"4024",2,1,3,3,1
"4025",1,3,1,1,3
"4026",1,1,5,2,1
"4027",NA,NA,NA,NA,NA
"4028",3,1,3,1,1
"4029",1,1,1,1,1
"4030",1,1,1,5,1
"4031",1,1,2,2,3
"4032",1,5,5,1,1
"4033",3,2,2,2,4
"4034",2,1,3,1,1
"4035",1,1,1,1,1
"4036",4,5,2,4,2
"4037",4,1,4,2,5
"4038",2,1,1,1,2
"4039",4,4,1,4,5
"4040",1,1,1,1,1
"4041",1,1,1,1,3
"4042",1,1,1,1,1
"4043",3,1,2,1,1
"4044",4,5,2,1,5
"4045",4,1,1,3,5
"4046",2,2,1,1,1
"4047",3,1,4,1,1
"4048",3,1,1,1,3
"4049",1,1,4,2,1
"4050",NA,1,5,1,5
"4051",1,1,1,1,1
"4052",4,1,1,4,4
"4053",4,1,1,1,4
"4054",2,2,4,3,4
"4055",1,1,1,1,1
"4056",1,3,1,1,1
"4057",NA,NA,NA,NA,NA
"4058",3,1,1,1,1
"4059",2,1,1,1,2
"4060",1,1,1,2,1
"4061",2,1,1,4,2
"4062",1,2,2,1,1
"4063",1,1,3,1,2
"4064",1,1,3,1,5
"4065",NA,NA,NA,NA,NA
"4066",NA,NA,NA,NA,NA
"4067",NA,NA,NA,NA,NA
"4068",NA,NA,NA,NA,NA
"4069",1,1,1,1,1
"4070",1,1,1,1,2
"4071",NA,NA,NA,NA,NA
"4072",NA,NA,NA,NA,NA
"4073",NA,NA,NA,NA,NA
"4074",NA,NA,NA,NA,NA
"4075",1,1,2,1,1
"4076",NA,NA,NA,NA,NA
"4077",1,1,1,1,4
"4078",1,NA,NA,NA,NA
"4079",1,1,4,4,3
"4080",1,1,5,1,1
"4081",1,1,3,1,1
"4082",1,1,5,5,1
"4083",3,1,1,1,1
"4084",NA,NA,NA,NA,5
"4085",2,1,2,2,1
"4086",4,1,1,1,4
"4087",4,3,4,3,4
"4088",4,1,1,1,4
"4089",NA,NA,NA,NA,NA
"4090",1,1,2,1,1
"4091",1,1,1,1,1
"4092",2,3,2,2,3
"4093",5,1,2,1,2
"4094",NA,NA,NA,NA,NA
"4095",1,1,1,1,1
"4096",1,1,1,1,1
"4097",1,1,1,1,1
"4098",1,1,1,1,4
"4099",4,1,1,1,5
"4100",3,3,3,3,4
"4101",2,2,2,1,2
"4102",5,5,5,5,5
"4103",2,5,2,2,1
"4104",4,1,1,1,1
"4105",NA,NA,NA,NA,NA
"4106",NA,NA,NA,NA,NA
"4107",1,2,2,1,1
"4108",1,1,1,1,1
"4109",NA,NA,NA,NA,NA
"4110",4,1,1,1,4
"4111",NA,NA,NA,NA,NA
"4112",NA,NA,NA,NA,NA
"4113",1,3,1,2,1
"4114",NA,NA,NA,NA,NA
"4115",NA,NA,NA,NA,NA
"4116",NA,NA,NA,NA,NA
"4117",NA,NA,NA,NA,NA
"4118",NA,NA,NA,NA,NA
"4119",4,1,1,3,4
"4120",NA,NA,NA,NA,NA
"4121",4,1,5,3,5
"4122",5,5,5,5,5
"4123",NA,NA,NA,NA,NA
"4124",NA,NA,NA,NA,NA
"4125",NA,NA,NA,NA,NA
"4126",1,1,2,1,1
"4127",4,4,3,3,3
"4128",NA,NA,NA,NA,NA
"4129",NA,NA,NA,NA,NA
"4130",NA,NA,NA,NA,NA
"4131",4,1,4,2,5
"4132",NA,NA,NA,NA,NA
"4133",NA,NA,NA,NA,NA
"4134",NA,NA,NA,NA,NA
"4135",1,1,1,1,1
"4136",1,1,1,3,2
"4137",2,1,2,2,1
"4138",NA,NA,NA,NA,NA
"4139",2,2,3,3,1
"4140",2,2,1,1,1
"4141",NA,NA,NA,NA,NA
"4142",2,1,3,2,3
"4143",2,1,3,2,2
"4144",1,1,1,1,3
"4145",2,1,1,1,2
"4146",2,1,1,1,1
"4147",2,2,1,2,4
"4148",2,2,3,5,2
"4149",2,1,3,2,1
"4150",2,1,1,1,2
"4151",2,1,4,2,3
"4152",2,2,4,1,3
"4153",3,2,1,2,3
"4154",NA,NA,NA,NA,NA
"4155",4,1,1,1,4
"4156",4,1,3,2,3
"4157",1,1,1,1,1
"4158",2,1,1,1,2
"4159",2,1,2,1,2
"4160",1,1,4,3,3
"4161",4,3,2,3,1
"4162",2,1,2,2,2
"4163",1,1,2,2,1
"4164",3,1,5,3,3
"4165",3,4,2,3,5
"4166",3,1,1,4,2
"4167",2,2,4,1,3
"4168",4,1,3,1,2
"4169",4,2,2,2,3
"4170",4,1,2,3,5
"4171",2,2,2,4,4
"4172",1,1,1,2,1
"4173",3,3,5,4,5
"4174",1,1,1,1,1
"4175",1,1,1,1,1
"4176",1,1,5,2,1
"4177",3,1,1,1,1
"4178",NA,NA,NA,NA,NA
"4179",NA,NA,NA,NA,NA
"4180",1,1,1,1,1
"4181",NA,NA,NA,NA,NA
"4182",NA,NA,NA,NA,NA
"4183",1,3,1,3,1
"4184",4,NA,NA,4,NA
"4185",1,3,2,3,2
"4186",1,2,2,3,1
"4187",1,1,2,1,1
"4188",NA,NA,NA,NA,NA
"4189",3,2,2,1,2
"4190",1,1,1,1,NA
"4191",NA,NA,NA,NA,NA
"4192",1,2,1,3,2
"4193",NA,NA,NA,NA,NA
"4194",3,1,1,1,3
"4195",1,1,1,5,5
"4196",1,1,1,1,1
"4197",3,2,4,2,1
"4198",2,1,1,1,1
"4199",3,1,5,4,4
"4200",2,5,3,3,2
"4201",NA,NA,NA,NA,NA
"4202",NA,NA,NA,NA,NA
"4203",1,1,1,1,1
"4204",1,4,3,4,1
"4205",NA,NA,NA,NA,NA
"4206",4,1,2,3,4
"4207",NA,NA,NA,NA,NA
"4208",3,1,3,1,5
"4209",4,1,2,1,4
"4210",NA,NA,NA,NA,NA
"4211",3,1,5,5,5
"4212",1,2,3,1,1
"4213",NA,NA,NA,NA,NA
"4214",4,2,3,2,4
"4215",NA,NA,NA,NA,NA
"4216",NA,NA,NA,NA,NA
"4217",2,2,2,1,2
"4218",3,1,3,1,1
"4219",2,1,4,1,5
"4220",2,2,1,1,4
"4221",NA,NA,NA,NA,NA
"4222",1,4,5,1,1
"4223",3,2,5,2,4
"4224",1,1,5,4,1
"4225",3,2,2,2,4
"4226",2,1,1,1,1
"4227",1,1,2,1,4
"4228",3,4,2,3,4
"4229",4,2,4,2,4
"4230",4,1,1,1,4
"4231",3,1,4,2,4
"4232",4,1,5,4,3
"4233",5,2,3,3,5
"4234",3,2,3,4,4
"4235",2,4,4,2,3
"4236",2,2,1,1,3
"4237",3,1,3,2,4
"4238",4,1,3,2,5
"4239",2,1,3,2,1
"4240",3,1,2,3,2
"4241",5,1,2,1,3
"4242",2,2,3,3,3
"4243",3,1,5,1,5
"4244",4,1,4,4,5
"4245",4,1,1,4,5
"4246",4,2,2,1,5
"4247",1,1,2,1,1
"4248",1,4,1,1,1
"4249",1,1,1,1,1
"4250",3,2,2,2,4
"4251",2,1,1,2,3
"4252",1,1,1,1,4
"4253",1,1,4,1,1
"4254",3,2,4,3,4
"4255",1,1,4,1,1
"4256",4,1,3,1,4
"4257",4,3,1,1,5
"4258",1,1,1,4,3
"4259",2,1,2,1,1
"4260",4,3,5,4,5
"4261",2,1,1,1,3
"4262",3,1,1,4,5
"4263",2,1,4,2,2
"4264",2,3,5,1,1
"4265",3,1,4,4,2
"4266",4,1,4,3,3
"4267",1,1,2,1,4
"4268",2,2,1,1,2
"4269",1,1,1,2,2
"4270",2,4,2,3,3
"4271",2,1,4,3,2
"4272",1,1,1,1,2
"4273",1,1,3,4,2
"4274",1,3,4,3,3
"4275",4,4,2,2,1
"4276",3,1,3,3,5
"4277",3,3,3,2,2
"4278",5,2,4,5,5
"4279",4,1,5,2,5
"4280",3,1,2,2,2
"4281",3,1,1,5,2
"4282",2,2,5,4,4
"4283",2,1,5,4,1
"4284",3,1,2,3,1
"4285",NA,NA,NA,NA,NA
"4286",2,1,5,3,3
"4287",4,1,5,4,5
"4288",2,2,1,2,2
"4289",3,1,2,1,4
"4290",2,1,2,1,1
"4291",1,5,4,3,1
"4292",3,1,3,2,4
"4293",1,3,2,1,2
"4294",2,1,2,1,1
"4295",3,3,2,2,3
"4296",3,1,3,3,4
"4297",3,2,3,4,4
"4298",3,1,2,1,3
"4299",4,1,4,4,3
"4300",2,1,2,3,4
"4301",1,1,1,1,2
"4302",1,1,1,1,1
"4303",3,1,4,3,3
"4304",5,4,2,2,4
"4305",3,1,2,3,5
"4306",3,1,5,3,1
"4307",3,1,5,2,3
"4308",1,2,3,5,4
"4309",2,2,3,4,2
"4310",1,1,2,1,1
"4311",4,2,2,1,3
"4312",1,2,2,2,1
"4313",3,2,1,1,4
"4314",3,1,4,4,5
"4315",3,2,4,4,2
"4316",2,1,4,1,2
"4317",NA,NA,NA,NA,NA
"4318",1,2,1,1,3
"4319",1,2,3,1,1
"4320",1,3,2,3,2
"4321",3,1,5,5,3
"4322",2,2,3,2,5
"4323",NA,NA,NA,NA,NA
"4324",1,4,1,3,2
"4325",1,3,2,3,1
"4326",5,5,5,4,1
"4327",3,4,4,3,5
"4328",NA,NA,NA,NA,NA
"4329",1,1,3,1,1
"4330",4,4,2,2,1
"4331",NA,NA,NA,NA,NA
"4332",NA,NA,NA,NA,NA
"4333",NA,NA,NA,NA,NA
"4334",3,1,1,2,1
"4335",1,3,3,2,1
"4336",3,1,4,4,2
"4337",1,4,1,1,2
"4338",NA,NA,NA,NA,NA
"4339",2,3,5,5,1
"4340",NA,NA,NA,NA,NA
"4341",1,1,1,1,1
"4342",3,1,1,1,4
"4343",2,1,1,2,2
"4344",1,1,1,3,3
"4345",2,2,1,2,2
"4346",4,1,2,2,2
"4347",1,1,1,1,1
"4348",5,5,3,4,5
"4349",2,1,5,1,1
"4350",1,1,1,1,1
"4351",NA,NA,NA,NA,NA
"4352",4,4,4,1,4
"4353",NA,NA,NA,NA,NA
"4354",1,1,1,1,1
"4355",1,3,4,2,3
"4356",NA,NA,NA,NA,NA
"4357",1,1,1,1,1
"4358",2,2,2,2,2
"4359",1,1,1,1,1
"4360",3,1,1,1,1
"4361",3,3,1,2,1
"4362",4,1,2,5,4
"4363",3,1,4,3,5
"4364",5,1,1,2,4
"4365",2,2,2,3,2
"4366",1,1,1,1,1
"4367",5,1,2,4,4
"4368",1,1,3,1,1
"4369",2,1,3,1,4
"4370",3,2,2,2,3
"4371",1,1,1,2,2
"4372",NA,NA,NA,NA,NA
"4373",2,1,5,1,2
"4374",3,4,5,1,2
"4375",2,1,1,2,3
"4376",1,2,1,5,4
"4377",2,2,3,5,2
"4378",4,1,2,2,1
"4379",5,1,1,2,4
"4380",2,2,2,2,2
"4381",1,1,1,1,3
"4382",1,1,4,1,1
"4383",1,1,2,1,4
"4384",3,1,NA,3,1
"4385",2,3,3,4,1
"4386",3,1,1,2,5
"4387",5,5,5,4,4
"4388",2,4,2,3,1
"4389",2,1,1,2,2
"4390",1,1,3,1,1
"4391",3,4,5,4,1
"4392",2,3,2,4,1
"4393",1,1,1,1,1
"4394",1,1,2,2,3
"4395",4,4,1,3,1
"4396",1,1,1,1,1
"4397",2,1,1,1,2
"4398",1,2,1,2,1
"4399",3,1,3,3,2
"4400",3,1,1,5,1
"4401",NA,NA,NA,NA,NA
"4402",1,1,1,1,1
"4403",2,1,1,1,2
"4404",3,2,1,3,4
"4405",5,2,4,3,5
"4406",4,4,5,1,1
"4407",NA,NA,NA,NA,NA
"4408",1,3,3,1,1
"4409",3,1,5,1,1
"4410",1,3,1,4,1
"4411",1,1,5,1,1
"4412",2,1,2,2,1
"4413",4,1,1,3,4
"4414",4,1,4,1,5
"4415",2,1,4,1,4
"4416",2,2,2,2,3
"4417",1,1,4,1,1
"4418",3,1,1,1,4
"4419",3,1,1,1,4
"4420",1,1,1,1,1
"4421",2,2,2,2,1
"4422",1,1,2,1,5
"4423",4,1,4,2,1
"4424",NA,NA,NA,NA,NA
"4425",NA,NA,NA,NA,NA
"4426",4,2,2,2,4
"4427",2,1,3,2,1
"4428",3,1,2,2,2
"4429",1,1,1,2,2
"4430",1,1,1,1,1
"4431",3,1,4,4,1
"4432",1,3,3,4,1
"4433",2,3,1,4,2
"4434",2,1,2,4,1
"4435",1,2,5,1,2
"4436",1,1,3,1,4
"4437",3,1,5,2,4
"4438",1,1,2,1,1
"4439",2,1,1,1,5
"4440",5,1,5,3,4
"4441",NA,NA,NA,NA,NA
"4442",4,2,2,2,3
"4443",3,1,2,1,3
"4444",1,1,1,1,1
"4445",1,1,1,1,1
"4446",1,1,1,1,1
"4447",NA,NA,NA,NA,NA
"4448",NA,NA,NA,NA,NA
"4449",NA,NA,NA,NA,NA
"4450",4,1,5,4,4
"4451",NA,NA,NA,NA,NA
"4452",1,1,4,3,1
"4453",3,1,4,NA,NA
"4454",2,1,1,2,3
"4455",NA,NA,NA,NA,NA
"4456",NA,NA,NA,NA,NA
"4457",NA,NA,NA,NA,NA
"4458",3,1,1,3,4
"4459",1,5,2,2,5
"4460",NA,NA,NA,NA,NA
"4461",NA,NA,NA,NA,NA
"4462",1,1,1,1,1
"4463",1,1,1,5,2
"4464",NA,NA,NA,NA,NA
"4465",NA,NA,NA,NA,NA
"4466",2,2,2,4,2
"4467",1,1,1,1,1
"4468",3,2,2,2,4
"4469",3,2,1,1,3
"4470",1,1,1,1,4
"4471",1,1,1,2,2
"4472",1,1,1,1,1
"4473",1,5,1,1,1
"4474",2,4,3,5,4
"4475",1,3,1,1,1
"4476",NA,NA,NA,NA,NA
"4477",1,1,1,1,1
"4478",1,1,1,1,1
"4479",1,1,1,1,1
"4480",1,1,1,1,1
"4481",3,4,4,1,1
"4482",NA,NA,NA,NA,NA
"4483",2,3,1,1,1
"4484",1,2,1,1,1
"4485",1,1,4,1,1
"4486",1,1,1,1,1
"4487",1,1,5,1,1
"4488",NA,NA,NA,NA,NA
"4489",1,2,4,5,1
"4490",3,1,1,1,2
"4491",NA,NA,NA,NA,NA
"4492",3,1,4,5,2
"4493",2,1,5,4,4
"4494",4,1,1,1,4
"4495",3,1,1,1,1
"4496",NA,NA,NA,NA,NA
"4497",3,3,1,2,4
"4498",1,2,2,1,1
"4499",4,1,2,2,4
"4500",2,2,3,1,2
"4501",2,1,2,1,4
"4502",3,3,4,2,1
"4503",1,1,2,2,1
"4504",4,3,1,1,5
"4505",1,1,4,2,2
"4506",2,1,1,1,2
"4507",1,1,2,3,1
"4508",2,1,5,2,4
"4509",2,1,1,4,2
"4510",1,1,5,1,2
"4511",1,1,1,1,1
"4512",4,3,4,4,2
"4513",1,1,1,1,1
"4514",2,1,4,2,1
"4515",1,1,1,1,1
"4516",2,3,4,3,5
"4517",3,1,1,3,2
"4518",5,4,1,1,4
"4519",2,3,4,4,3
"4520",1,2,2,3,4
"4521",3,1,2,2,1
"4522",2,1,1,1,1
"4523",2,1,2,1,3
"4524",1,1,4,3,1
"4525",1,1,5,2,2
"4526",5,5,3,4,4
"4527",2,1,4,2,3
"4528",1,1,4,4,5
"4529",4,1,4,1,3
"4530",4,1,2,2,3
"4531",1,5,2,1,1
"4532",NA,NA,NA,NA,NA
"4533",2,3,5,4,3
"4534",4,4,4,4,5
"4535",2,3,2,1,4
"4536",1,1,1,1,1
"4537",2,2,5,1,1
"4538",1,1,1,1,1
"4539",4,1,1,4,4
"4540",4,1,4,5,2
"4541",4,1,3,1,5
"4542",5,2,4,4,4
"4543",2,1,1,1,1
"4544",4,1,2,1,1
"4545",5,1,4,4,3
"4546",4,4,NA,2,1
"4547",2,2,1,1,1
"4548",1,3,5,3,1
"4549",4,4,4,2,5
"4550",1,2,1,1,1
"4551",3,3,4,1,4
"4552",1,2,1,1,1
"4553",3,1,3,1,3
"4554",3,2,1,5,4
"4555",1,3,3,2,4
"4556",1,1,1,1,1
"4557",4,NA,2,4,5
"4558",NA,NA,NA,NA,NA
"4559",5,1,1,1,1
"4560",2,1,4,2,3
"4561",2,2,1,1,5
"4562",2,1,2,3,5
"4563",1,2,1,1,3
"4564",2,2,2,2,2
"4565",2,2,4,2,4
"4566",3,1,1,1,3
"4567",2,2,5,2,2
"4568",1,1,1,1,1
"4569",2,1,3,2,1
"4570",4,1,2,2,5
"4571",3,1,1,4,4
"4572",1,1,5,2,2
"4573",4,1,5,1,1
"4574",1,1,1,1,1
"4575",3,1,1,5,3
"4576",1,2,1,1,1
"4577",2,1,4,1,2
"4578",1,2,4,5,1
"4579",2,1,3,2,3
"4580",1,1,3,5,4
"4581",2,4,5,4,4
"4582",1,1,3,1,1
"4583",2,2,2,1,1
"4584",3,1,2,1,1
"4585",3,3,1,4,4
"4586",1,1,2,2,3
"4587",1,3,2,1,1
"4588",4,1,1,1,2
"4589",2,1,2,3,2
"4590",1,1,5,2,1
"4591",1,1,1,1,1
"4592",5,1,3,2,5
"4593",2,1,5,5,1
"4594",NA,NA,NA,NA,NA
"4595",NA,NA,NA,NA,NA
"4596",NA,NA,NA,NA,NA
"4597",NA,NA,NA,NA,NA
"4598",NA,NA,NA,NA,NA
"4599",NA,NA,NA,NA,NA
"4600",NA,NA,NA,NA,NA
"4601",NA,NA,NA,NA,NA
"4602",NA,NA,NA,NA,NA
"4603",NA,NA,NA,NA,NA
"4604",NA,NA,NA,NA,NA
"4605",2,2,2,2,1
"4606",2,2,1,1,1
"4607",2,2,5,2,5
"4608",3,2,5,4,5
"4609",1,1,1,2,3
"4610",1,1,3,3,4
"4611",5,5,2,3,5
"4612",1,1,1,1,4
"4613",4,3,5,2,5
"4614",3,2,3,2,4
"4615",1,1,1,1,1
"4616",3,3,5,4,3
"4617",3,2,4,2,5
"4618",2,4,5,2,3
"4619",1,1,1,1,1
"4620",3,3,5,3,5
"4621",1,1,3,5,2
"4622",2,1,4,2,1
"4623",4,3,3,2,4
"4624",3,1,5,2,5
"4625",4,2,5,2,4
"4626",3,3,1,1,4
"4627",4,2,5,3,5
"4628",1,1,5,2,3
"4629",1,1,1,1,5
"4630",4,1,1,1,4
"4631",2,1,4,1,1
"4632",1,1,4,2,2
"4633",4,1,2,4,4
"4634",1,1,1,1,1
"4635",1,1,1,1,1
"4636",3,1,2,2,2
"4637",3,4,2,2,4
"4638",1,1,1,1,3
"4639",4,1,3,1,3
"4640",2,1,1,1,3
"4641",2,1,2,1,1
"4642",1,1,1,1,1
"4643",4,3,4,4,5
"4644",2,1,2,5,1
"4645",2,1,4,3,2
"4646",NA,4,1,1,3
"4647",2,1,2,5,2
"4648",1,1,1,1,1
"4649",1,1,1,1,1
"4650",1,1,1,3,1
"4651",1,1,5,4,4
"4652",4,1,1,1,4
"4653",4,1,2,5,3
"4654",3,2,2,3,3
"4655",NA,NA,NA,NA,NA
"4656",3,1,1,2,3
"4657",1,2,5,2,3
"4658",3,3,3,3,5
"4659",1,1,1,1,1
"4660",2,3,3,5,1
"4661",NA,NA,NA,NA,NA
"4662",2,2,1,1,2
"4663",4,2,3,NA,5
"4664",4,1,1,1,3
"4665",1,1,1,2,1
"4666",3,1,3,1,2
"4667",NA,NA,NA,NA,NA
"4668",2,1,1,NA,1
"4669",2,1,3,3,2
"4670",4,1,1,2,NA
"4671",2,3,1,4,5
"4672",1,5,5,4,2
"4673",NA,NA,NA,NA,NA
"4674",2,1,2,1,3
"4675",2,1,1,1,1
"4676",1,1,1,1,1
"4677",1,1,1,2,3
"4678",4,1,1,2,3
"4679",4,4,4,4,4
"4680",3,1,1,2,2
"4681",3,3,2,4,5
"4682",2,2,1,3,4
"4683",4,1,2,1,4
"4684",1,1,1,1,1
"4685",1,4,5,1,1
"4686",4,1,2,3,5
"4687",3,1,2,1,1
"4688",3,1,1,1,4
"4689",2,2,2,2,3
"4690",4,1,5,3,1
"4691",1,4,4,1,1
"4692",5,3,2,5,5
"4693",5,1,1,1,5
"4694",2,1,1,1,3
"4695",1,NA,3,5,2
"4696",1,1,3,2,3
"4697",1,4,2,3,1
"4698",2,1,2,5,3
"4699",5,1,1,1,1
"4700",1,1,1,1,3
"4701",3,1,2,1,1
"4702",3,2,3,5,3
"4703",3,1,2,2,4
"4704",4,1,1,4,4
"4705",1,1,1,1,4
"4706",2,1,1,1,1
"4707",4,4,1,5,1
"4708",NA,NA,NA,NA,NA
"4709",1,1,1,1,1
"4710",NA,NA,NA,NA,NA
"4711",4,2,4,3,2
"4712",1,1,1,1,3
"4713",2,1,2,1,2
"4714",5,1,3,2,4
"4715",1,1,2,2,3
"4716",2,1,2,1,2
"4717",4,2,1,4,2
"4718",4,2,4,4,1
"4719",3,2,5,4,4
"4720",4,2,2,3,5
"4721",5,2,5,2,1
"4722",4,1,3,4,3
"4723",3,3,1,1,1
"4724",2,2,5,2,2
"4725",2,1,5,3,1
"4726",4,2,5,5,5
"4727",NA,NA,NA,NA,NA
"4728",NA,NA,NA,NA,NA
"4729",3,1,3,1,3
"4730",4,1,1,2,3
"4731",NA,NA,NA,NA,NA
"4732",1,1,5,4,3
"4733",4,1,4,2,3
"4734",3,1,3,1,1
"4735",NA,NA,NA,NA,NA
"4736",4,1,2,1,4
"4737",1,1,2,3,3
"4738",4,1,3,1,5
"4739",1,3,5,1,2
"4740",1,1,3,3,1
"4741",1,1,1,4,1
"4742",1,1,5,1,5
"4743",3,4,3,3,5
"4744",1,1,4,4,4
"4745",2,1,4,1,3
"4746",1,1,3,2,3
"4747",1,2,5,3,5
"4748",4,4,5,3,5
"4749",1,2,1,2,1
"4750",5,2,4,2,5
"4751",4,1,4,2,5
"4752",1,2,4,1,2
"4753",2,1,4,1,3
"4754",2,4,4,1,2
"4755",1,1,5,1,4
"4756",3,1,1,3,1
"4757",4,2,2,3,3
"4758",3,3,4,3,2
"4759",3,2,3,2,3
"4760",3,1,3,1,2
"4761",2,1,5,1,4
"4762",1,2,2,3,3
"4763",3,2,2,3,5
"4764",3,1,5,1,5
"4765",2,1,2,1,3
"4766",1,1,2,1,1
"4767",2,3,2,4,3
"4768",1,1,1,1,1
"4769",4,1,1,1,5
"4770",1,1,2,1,3
"4771",1,1,1,1,4
"4772",1,1,1,3,1
"4773",3,1,3,3,4
"4774",3,1,2,2,4
"4775",1,1,3,1,3
"4776",1,1,2,2,1
"4777",1,2,3,2,1
"4778",1,1,1,1,2
"4779",4,1,4,3,2
"4780",4,4,NA,2,4
"4781",4,1,1,1,5
"4782",3,3,1,1,2
"4783",1,1,1,1,5
"4784",1,4,5,4,3
"4785",1,1,2,3,3
"4786",3,1,4,1,5
"4787",4,4,5,3,3
"4788",1,1,4,3,1
"4789",3,1,4,1,1
"4790",3,1,2,2,3
"4791",3,4,4,3,2
"4792",3,1,5,2,4
"4793",2,2,4,2,2
"4794",1,1,5,3,1
"4795",1,1,2,1,2
"4796",2,1,5,3,1
"4797",3,3,3,3,3
"4798",2,1,2,1,3
"4799",3,1,1,3,4
"4800",3,1,5,4,4
"4801",4,2,1,2,5
"4802",4,3,5,2,5
"4803",3,1,4,2,1
"4804",4,1,4,1,3
"4805",1,1,3,5,2
"4806",1,1,5,1,1
"4807",2,4,5,3,4
"4808",3,3,4,2,1
"4809",2,1,2,2,3
"4810",3,1,1,5,2
"4811",5,1,1,1,4
"4812",3,1,2,1,2
"4813",1,1,2,5,5
"4814",1,1,1,1,1
"4815",3,1,1,3,5
"4816",2,2,2,2,2
"4817",2,2,1,1,1
"4818",4,1,1,1,4
"4819",1,5,1,1,1
"4820",1,1,1,1,1
"4821",4,4,4,3,1
"4822",1,1,1,1,1
"4823",1,1,1,1,1
"4824",4,1,1,1,4
"4825",3,NA,2,3,2
"4826",NA,NA,NA,NA,NA
"4827",NA,NA,NA,NA,NA
"4828",5,4,2,2,5
"4829",1,1,1,1,1
"4830",4,1,1,4,4
"4831",NA,NA,NA,NA,NA
"4832",2,2,1,2,4
"4833",NA,NA,NA,NA,NA
"4834",NA,NA,NA,NA,NA
"4835",1,1,1,1,4
"4836",NA,NA,NA,NA,NA
"4837",1,1,1,1,1
"4838",NA,NA,NA,NA,NA
"4839",5,1,5,5,4
"4840",NA,NA,NA,NA,NA
"4841",2,2,2,3,3
"4842",1,1,1,1,1
"4843",5,3,3,5,5
"4844",NA,NA,NA,NA,NA
"4845",NA,NA,NA,NA,NA
"4846",NA,NA,NA,NA,NA
"4847",NA,NA,NA,NA,NA
"4848",NA,NA,NA,NA,NA
"4849",NA,NA,NA,NA,NA
"4850",NA,NA,NA,NA,NA
"4851",1,1,1,1,2
"4852",2,1,3,2,1
"4853",NA,NA,NA,NA,NA
"4854",NA,NA,NA,NA,NA
"4855",3,3,1,2,2
"4856",NA,NA,NA,NA,NA
"4857",1,4,2,2,1
"4858",NA,NA,NA,NA,NA
"4859",2,1,2,2,2
"4860",1,1,1,1,5
"4861",4,4,2,2,3
"4862",NA,NA,NA,NA,NA
"4863",5,1,2,4,5
"4864",2,5,5,1,1
"4865",3,1,2,2,1
"4866",NA,NA,NA,NA,NA
"4867",2,1,2,1,4
"4868",2,1,2,1,2
"4869",NA,NA,NA,NA,NA
"4870",2,1,3,2,1
"4871",1,1,1,1,1
"4872",NA,NA,NA,NA,NA
"4873",3,1,2,1,2
"4874",NA,NA,NA,NA,NA
"4875",2,1,3,4,1
"4876",1,1,1,1,1
"4877",2,1,4,2,5
"4878",2,1,3,1,2
"4879",2,1,4,1,2
"4880",3,2,4,2,3
"4881",4,2,2,1,5
"4882",2,1,2,1,2
"4883",4,5,5,3,5
"4884",4,2,2,1,3
"4885",4,1,5,2,5
"4886",4,1,1,1,4
"4887",3,1,2,1,5
"4888",4,1,4,2,3
"4889",1,3,2,3,1
"4890",3,1,3,3,4
"4891",2,1,1,1,3
"4892",NA,NA,NA,NA,NA
"4893",1,1,1,1,1
"4894",2,2,3,2,3
"4895",1,1,1,2,1
"4896",3,3,3,4,3
"4897",4,3,4,4,1
"4898",2,2,3,1,1
"4899",NA,1,4,1,1
"4900",4,1,2,1,4
"4901",1,1,3,1,1
"4902",3,1,1,2,1
"4903",4,1,3,4,5
"4904",2,1,2,1,2
"4905",1,1,1,1,1
"4906",NA,NA,NA,NA,NA
"4907",NA,NA,NA,NA,NA
"4908",NA,NA,NA,NA,NA
"4909",NA,NA,NA,NA,NA
"4910",NA,NA,NA,NA,NA
"4911",NA,NA,NA,NA,NA
"4912",NA,NA,NA,NA,NA
"4913",1,1,1,5,4
"4914",NA,NA,NA,NA,NA
"4915",NA,NA,NA,NA,NA
"4916",3,1,3,1,2
"4917",1,1,1,1,4
"4918",NA,NA,NA,NA,NA
"4919",1,2,1,1,1
"4920",NA,NA,NA,NA,NA
"4921",NA,NA,NA,NA,NA
"4922",NA,NA,NA,NA,NA
"4923",5,NA,2,3,5
"4924",1,3,5,2,5
"4925",NA,NA,NA,NA,NA
"4926",5,1,3,4,5
"4927",2,1,4,2,4
"4928",4,3,3,2,4
"4929",1,1,1,1,1
"4930",1,1,2,1,1
"4931",4,1,2,1,3
"4932",2,1,2,2,4
"4933",2,2,2,2,5
"4934",2,1,2,2,5
"4935",3,1,2,1,3
"4936",1,2,4,2,3
"4937",4,1,2,3,5
"4938",3,1,1,1,1
"4939",2,1,1,1,2
"4940",2,1,3,1,1
"4941",4,1,3,4,3
"4942",NA,NA,NA,NA,NA
"4943",3,2,2,1,2
"4944",1,1,2,2,5
"4945",3,1,2,2,3
"4946",3,1,3,1,2
"4947",3,1,3,3,3
"4948",NA,NA,NA,NA,NA
"4949",4,2,2,1,5
"4950",5,3,3,4,5
"4951",1,3,5,1,1
"4952",NA,NA,NA,NA,NA
"4953",2,1,2,1,1
"4954",1,2,3,1,1
"4955",3,1,2,4,4
"4956",2,2,1,1,4
"4957",4,4,4,4,4
"4958",4,1,2,1,1
"4959",4,4,4,1,3
"4960",1,1,1,1,2
"4961",1,1,1,1,2
"4962",3,1,1,1,4
"4963",4,1,1,4,1
"4964",2,1,1,1,2
"4965",NA,NA,NA,NA,NA
"4966",5,5,5,1,1
"4967",1,1,1,1,1
"4968",NA,NA,NA,NA,NA
"4969",1,1,1,1,1
"4970",1,2,1,2,1
"4971",1,1,1,2,1
"4972",NA,NA,NA,NA,NA
"4973",2,3,1,1,4
"4974",1,1,1,1,1
"4975",NA,NA,NA,NA,NA
"4976",1,4,1,1,1
"4977",1,1,1,1,1
"4978",NA,NA,NA,NA,NA
"4979",3,1,2,1,1
"4980",1,1,5,1,2
"4981",5,5,3,2,1
"4982",1,2,1,2,1
"4983",1,2,3,4,5
"4984",4,2,3,4,3
"4985",1,1,1,1,1
"4986",2,3,3,1,1
"4987",NA,NA,NA,NA,NA
"4988",1,3,3,5,4
"4989",4,1,1,1,1
"4990",NA,NA,NA,NA,NA
"4991",NA,NA,NA,NA,NA
"4992",1,4,1,1,1
"4993",1,1,2,1,1
"4994",5,5,2,1,5
"4995",1,2,5,2,1
"4996",NA,NA,NA,NA,NA
"4997",NA,NA,NA,NA,NA
"4998",1,1,1,1,1
"4999",5,4,3,2,1
"5000",2,2,4,3,2
"5001",2,2,1,3,2
"5002",5,5,1,2,5
"5003",3,4,4,1,3
"5004",NA,NA,NA,NA,NA
"5005",NA,NA,NA,NA,NA
"5006",1,1,1,1,1
"5007",1,1,1,1,1
"5008",5,1,1,4,5
"5009",2,4,4,3,1
"5010",1,1,1,1,1
"5011",1,3,5,3,2
"5012",NA,NA,NA,NA,NA
"5013",1,1,1,1,1
"5014",1,1,1,1,1
"5015",4,1,4,2,4
"5016",1,1,1,3,1
"5017",2,2,2,2,2
"5018",1,1,2,1,1
"5019",2,1,3,4,4
"5020",2,1,3,2,4
"5021",1,1,4,2,1
"5022",1,1,1,1,1
"5023",3,1,1,3,4
"5024",1,1,1,1,1
"5025",1,1,1,1,1
"5026",2,3,1,2,3
"5027",1,1,1,1,1
"5028",3,1,1,3,3
"5029",3,4,3,4,1
"5030",4,1,2,NA,4
"5031",3,3,3,3,3
"5032",1,1,1,1,3
"5033",1,1,1,1,5
"5034",4,3,4,5,4
"5035",5,5,5,5,5
"5036",1,2,5,2,5
"5037",1,1,1,2,1
"5038",2,2,4,4,5
"5039",1,1,4,3,2
"5040",2,1,1,3,4
"5041",4,3,5,2,1
"5042",2,2,5,4,5
"5043",4,3,3,5,4
"5044",4,1,2,3,4
"5045",3,2,4,4,3
"5046",4,4,4,3,1
"5047",2,2,3,2,3
"5048",3,3,1,3,5
"5049",5,5,NA,3,5
"5050",2,1,2,2,3
"5051",3,2,5,5,4
"5052",1,2,2,2,1
"5053",3,1,2,3,2
"5054",3,3,5,4,2
"5055",5,2,4,3,5
"5056",5,4,3,4,1
"5057",2,3,5,3,4
"5058",3,4,3,3,5
"5059",3,2,5,5,4
"5060",4,2,2,3,5
"5061",2,2,2,4,1
"5062",NA,NA,NA,NA,NA
"5063",2,1,4,1,1
"5064",4,1,4,4,5
"5065",2,1,2,1,2
"5066",2,1,4,2,2
"5067",2,1,3,4,2
"5068",2,1,4,1,1
"5069",3,3,4,1,1
"5070",1,1,2,1,1
"5071",2,1,1,1,1
"5072",2,1,1,1,1
"5073",3,1,2,2,4
"5074",2,1,2,4,1
"5075",3,2,2,2,5
"5076",3,2,4,3,2
"5077",2,5,5,2,1
"5078",3,5,5,5,3
"5079",2,4,3,2,3
"5080",3,2,5,5,3
"5081",3,1,5,4,2
"5082",3,1,4,2,1
"5083",2,1,3,3,2
"5084",2,1,1,1,1
"5085",3,1,1,1,2
"5086",1,1,4,1,2
"5087",2,2,2,1,2
"5088",1,1,1,1,1
"5089",2,1,2,5,1
"5090",3,3,3,4,2
"5091",1,1,1,1,1
"5092",1,1,4,2,1
"5093",2,1,5,3,3
"5094",1,1,1,1,4
"5095",2,2,5,5,5
"5096",1,1,4,2,1
"5097",2,1,4,3,3
"5098",3,4,5,5,5
"5099",3,1,3,3,3
"5100",4,1,4,1,5
"5101",4,1,2,5,3
"5102",1,1,4,3,1
"5103",4,2,4,2,3
"5104",1,1,5,4,2
"5105",3,1,5,1,5
"5106",1,1,1,4,2
"5107",2,1,4,3,2
"5108",4,1,5,1,3
"5109",3,4,2,1,3
"5110",NA,NA,NA,NA,NA
"5111",NA,NA,NA,NA,NA
"5112",3,1,4,1,2
"5113",1,2,4,1,1
"5114",3,1,1,4,1
"5115",2,1,1,4,3
"5116",NA,NA,NA,NA,NA
"5117",2,1,5,5,2
"5118",4,2,3,2,4
"5119",4,1,5,3,2
"5120",1,1,5,4,1
"5121",1,3,2,1,5
"5122",1,1,1,4,5
"5123",2,1,5,3,2
"5124",3,3,2,3,5
"5125",4,1,2,4,5
"5126",5,4,4,4,5
"5127",4,1,2,3,5
"5128",1,1,3,4,2
"5129",1,1,5,1,1
"5130",2,2,3,5,3
"5131",3,1,5,2,5
"5132",1,1,2,1,2
"5133",1,1,1,1,3
"5134",2,1,5,2,1
"5135",1,3,1,1,1
"5136",3,2,1,4,2
"5137",5,1,3,2,4
"5138",3,2,3,2,5
"5139",2,1,3,5,4
"5140",5,3,5,4,5
"5141",2,1,2,1,4
"5142",4,1,1,3,4
"5143",1,1,3,3,4
"5144",4,2,2,3,5
"5145",2,1,2,2,3
"5146",3,1,5,1,2
"5147",1,5,4,2,1
"5148",2,1,4,2,3
"5149",5,1,4,3,5
"5150",2,1,3,1,1
"5151",4,1,5,3,5
"5152",2,2,5,3,4
"5153",NA,NA,NA,NA,NA
"5154",2,2,2,2,2
"5155",4,1,1,1,1
"5156",2,1,3,2,3
"5157",NA,NA,NA,NA,NA
"5158",NA,NA,NA,NA,NA
"5159",4,3,5,4,4
"5160",4,2,5,3,2
"5161",3,2,4,3,1
"5162",3,2,1,4,3
"5163",2,1,1,1,3
"5164",1,2,4,2,2
"5165",1,1,2,1,1
"5166",3,1,2,1,2
"5167",4,1,4,2,5
"5168",3,1,4,3,4
"5169",2,1,1,1,2
"5170",2,2,5,4,3
"5171",2,1,2,1,2
"5172",NA,NA,NA,NA,NA
"5173",3,1,4,3,1
"5174",2,1,1,1,1
"5175",NA,NA,NA,NA,NA
"5176",2,1,1,1,2
"5177",NA,NA,NA,NA,NA
"5178",2,1,1,1,2
"5179",1,1,1,1,1
"5180",NA,NA,NA,NA,NA
"5181",NA,NA,NA,NA,NA
"5182",1,1,1,1,1
"5183",1,1,1,1,2
"5184",1,3,2,4,1
"5185",3,1,2,3,3
"5186",NA,NA,NA,NA,NA
"5187",5,4,4,1,5
"5188",5,5,5,5,NA
"5189",NA,1,4,2,1
"5190",1,1,2,1,1
"5191",2,1,1,1,1
"5192",3,1,2,3,5
"5193",2,1,2,2,4
"5194",2,1,1,2,2
"5195",1,1,1,1,3
"5196",4,4,1,2,4
"5197",2,1,2,1,3
"5198",1,1,4,1,4
"5199",2,1,2,1,5
"5200",1,1,1,1,3
"5201",2,5,2,1,2
"5202",1,1,1,1,1
"5203",3,1,1,1,3
"5204",5,2,2,2,5
"5205",4,1,2,1,5
"5206",1,2,5,3,5
"5207",2,1,2,5,1
"5208",2,1,1,3,5
"5209",4,5,5,2,1
"5210",4,1,1,5,1
"5211",1,1,1,1,1
"5212",1,4,4,1,1
"5213",3,3,1,1,4
"5214",1,1,4,1,1
"5215",1,1,1,1,1
"5216",4,1,1,1,4
"5217",4,2,5,1,2
"5218",1,1,1,1,NA
"5219",2,1,3,1,2
"5220",3,1,2,3,5
"5221",5,1,3,3,5
"5222",3,1,3,2,5
"5223",2,5,2,2,4
"5224",NA,NA,NA,NA,NA
"5225",1,1,1,1,2
"5226",NA,NA,NA,NA,NA
"5227",2,3,3,1,1
"5228",1,2,4,1,2
"5229",1,1,1,1,1
"5230",1,2,2,1,1
"5231",1,3,5,1,2
"5232",NA,NA,NA,NA,NA
"5233",1,1,1,1,1
"5234",2,1,1,1,2
"5235",NA,NA,NA,NA,NA
"5236",NA,NA,NA,NA,NA
"5237",NA,NA,NA,NA,NA
"5238",1,1,4,1,1
"5239",NA,NA,NA,NA,NA
"5240",NA,NA,NA,NA,NA
"5241",NA,NA,NA,NA,NA
"5242",2,2,1,1,3
"5243",5,1,1,5,4
"5244",2,1,2,2,1
"5245",3,1,4,1,3
"5246",1,1,1,1,1
"5247",3,1,1,5,3
"5248",2,1,1,2,3
"5249",3,1,1,1,1
"5250",2,1,2,1,1
"5251",2,1,NA,1,3
"5252",1,1,3,2,1
"5253",4,1,2,1,4
"5254",2,1,1,5,1
"5255",1,1,1,1,1
"5256",4,3,1,2,4
"5257",1,1,2,2,1
"5258",4,1,3,1,2
"5259",2,2,2,2,3
"5260",2,1,2,3,4
"5261",1,3,2,4,4
"5262",3,3,4,3,4
"5263",2,1,3,5,2
"5264",2,1,1,4,4
"5265",4,2,2,1,4
"5266",3,1,1,1,2
"5267",1,1,1,1,1
"5268",2,1,1,1,3
"5269",3,1,4,1,5
"5270",3,1,2,2,4
"5271",1,1,2,2,1
"5272",4,3,3,3,2
"5273",2,2,3,3,2
"5274",3,4,5,5,3
"5275",1,1,1,1,1
"5276",3,1,3,4,3
"5277",2,1,2,2,1
"5278",2,2,3,4,4
"5279",2,2,3,2,1
"5280",4,1,3,2,4
"5281",1,1,1,1,1
"5282",1,1,1,1,1
"5283",1,1,1,1,1
"5284",3,3,3,1,1
"5285",1,1,1,1,1
"5286",2,2,2,4,2
"5287",2,1,1,1,4
"5288",1,1,1,1,1
"5289",1,5,5,1,1
"5290",3,5,3,5,4
"5291",1,1,1,1,5
"5292",3,1,1,1,1
"5293",1,1,1,1,1
"5294",1,2,1,2,4
"5295",3,4,1,2,4
"5296",5,1,2,5,5
"5297",1,1,2,2,1
"5298",1,1,1,4,4
"5299",2,2,2,2,2
"5300",3,3,3,4,5
"5301",2,2,1,2,3
"5302",2,1,1,1,1
"5303",2,1,1,2,2
"5304",4,1,4,4,5
"5305",1,1,1,3,1
"5306",3,1,1,5,1
"5307",2,1,1,3,2
"5308",NA,NA,NA,NA,NA
"5309",2,1,3,1,2
"5310",1,3,1,4,1
"5311",1,2,1,1,1
"5312",5,5,5,5,4
"5313",2,1,3,2,1
"5314",1,2,3,4,1
"5315",1,1,2,3,1
"5316",4,1,4,3,5
"5317",1,1,1,1,1
"5318",1,1,1,4,1
"5319",2,3,1,3,1
"5320",2,2,1,4,5
"5321",3,3,2,3,3
"5322",3,1,1,1,1
"5323",2,1,3,3,1
"5324",1,1,1,1,1
"5325",4,3,1,2,2
"5326",1,1,3,1,1
"5327",1,1,1,1,4
"5328",1,1,3,5,5
"5329",NA,NA,NA,NA,NA
"5330",NA,NA,NA,NA,NA
"5331",1,1,1,1,1
"5332",NA,NA,NA,NA,NA
"5333",NA,NA,NA,NA,NA
"5334",1,4,1,1,1
"5335",1,2,1,1,1
"5336",NA,NA,NA,NA,NA
"5337",2,1,2,3,2
"5338",2,4,5,4,2
"5339",2,5,2,2,3
"5340",5,2,1,3,4
"5341",NA,NA,NA,NA,NA
"5342",2,3,4,2,2
"5343",2,1,4,1,4
"5344",1,1,1,1,5
"5345",NA,NA,NA,NA,NA
"5346",4,4,2,1,5
"5347",3,2,1,1,3
"5348",2,1,1,1,1
"5349",1,2,4,1,1
"5350",4,3,4,2,4
"5351",3,1,2,3,4
"5352",3,1,1,1,2
"5353",3,1,4,1,1
"5354",NA,NA,NA,NA,NA
"5355",NA,NA,NA,NA,NA
"5356",NA,NA,NA,NA,NA
"5357",NA,NA,NA,NA,NA
"5358",NA,NA,NA,NA,NA
"5359",NA,NA,NA,NA,NA
"5360",NA,NA,NA,NA,NA
"5361",NA,NA,NA,NA,NA
"5362",NA,NA,NA,NA,NA
"5363",NA,NA,NA,NA,NA
"5364",NA,NA,NA,NA,NA
"5365",NA,NA,NA,NA,NA
"5366",NA,NA,NA,NA,NA
"5367",NA,NA,NA,NA,NA
"5368",NA,NA,NA,NA,NA
"5369",NA,NA,NA,NA,NA
"5370",NA,NA,NA,NA,NA
"5371",NA,NA,NA,NA,NA
"5372",NA,NA,NA,NA,NA
"5373",NA,NA,NA,NA,NA
"5374",NA,NA,NA,NA,NA
"5375",NA,NA,NA,NA,NA
"5376",NA,NA,NA,NA,NA
"5377",NA,NA,NA,NA,NA
"5378",NA,NA,NA,NA,NA
"5379",NA,NA,NA,NA,NA
"5380",NA,NA,NA,NA,NA
"5381",NA,NA,NA,NA,NA
"5382",NA,NA,NA,NA,NA
"5383",NA,NA,NA,NA,NA
"5384",NA,NA,NA,NA,NA
"5385",NA,NA,NA,NA,NA
"5386",NA,NA,NA,NA,NA
"5387",NA,NA,NA,NA,NA
"5388",NA,NA,NA,NA,NA
"5389",NA,NA,NA,NA,NA
"5390",NA,NA,NA,NA,NA
"5391",NA,NA,NA,NA,NA
"5392",NA,NA,NA,NA,NA
"5393",NA,NA,NA,NA,NA
"5394",NA,NA,NA,NA,NA
"5395",NA,NA,NA,NA,NA
"5396",NA,NA,NA,NA,NA
"5397",NA,NA,NA,NA,NA
"5398",NA,NA,NA,NA,NA
"5399",NA,NA,NA,NA,NA
"5400",NA,NA,NA,NA,NA
"5401",NA,NA,NA,NA,NA
"5402",NA,NA,NA,NA,NA
"5403",NA,NA,NA,NA,NA
"5404",NA,NA,NA,NA,NA
"5405",NA,NA,NA,NA,NA
"5406",NA,NA,NA,NA,NA
"5407",NA,NA,NA,NA,NA
"5408",NA,NA,NA,NA,NA
"5409",NA,NA,NA,NA,NA
"5410",NA,NA,NA,NA,NA
"5411",NA,NA,NA,NA,NA
"5412",NA,NA,NA,NA,NA
"5413",NA,NA,NA,NA,NA
"5414",NA,NA,NA,NA,NA
"5415",NA,NA,NA,NA,NA
"5416",NA,NA,NA,NA,NA
"5417",NA,NA,NA,NA,NA
"5418",NA,NA,NA,NA,NA
"5419",NA,NA,NA,NA,NA
"5420",NA,NA,NA,NA,NA
"5421",NA,NA,NA,NA,NA
"5422",NA,NA,NA,NA,NA
"5423",NA,NA,NA,NA,NA
"5424",NA,NA,NA,NA,NA
"5425",NA,NA,NA,NA,NA
"5426",NA,NA,NA,NA,NA
"5427",NA,NA,NA,NA,NA
"5428",NA,NA,NA,NA,NA
"5429",NA,NA,NA,NA,NA
"5430",NA,NA,NA,NA,NA
"5431",NA,NA,NA,NA,NA
"5432",NA,NA,NA,NA,NA
"5433",NA,NA,NA,NA,NA
"5434",NA,NA,NA,NA,NA
"5435",NA,NA,NA,NA,NA
"5436",NA,NA,NA,NA,NA
"5437",NA,NA,NA,NA,NA
"5438",NA,NA,NA,NA,NA
"5439",NA,NA,NA,NA,NA
"5440",NA,NA,NA,NA,NA
"5441",NA,NA,NA,NA,NA
"5442",NA,NA,NA,NA,NA
"5443",NA,NA,NA,NA,NA
"5444",NA,NA,NA,NA,NA
"5445",NA,NA,NA,NA,NA
"5446",NA,NA,NA,NA,NA
"5447",NA,NA,NA,NA,NA
"5448",NA,NA,NA,NA,NA
"5449",NA,NA,NA,NA,NA
"5450",NA,NA,NA,NA,NA
"5451",NA,NA,NA,NA,NA
